TimeSinceStart,TrialNo,TrialID,ParticipantID,Landmark,DetailedView,CameraPosition.x,CameraPosition.y,CameraPosition.z,CameraEulerAngles.x,CameraEulerAngles.y,CameraEulerAngles.z,LeftControllerPosition.x,LeftControllerPosition.y,LeftControllerPosition.z,LeftControllerEulerAngles.x,LeftControllerEulerAngles.y,LeftControllerEulerAngles.z,RightControllerPosition.x,RightControllerPosition.y,RightControllerPosition.z,RightControllerEulerAngles.x,RightControllerEulerAngles.y,RightControllerEulerAngles.z,WaistPosition.x,WaistPosition.y,WaistPosition.z,WaistEulerAngles.x,WaistEulerAngles.y,WaistEulerAngles.z,LeftShoePosition.x,LeftShoePosition.y,LeftShoePosition.z,LeftShoeEulerAngles.x,LeftShoeEulerAngles.y,LeftShoeEulerAngles.z,RightShoePosition.x,RightShoePosition.y,RightShoePosition.z,RightShoeEulerAngles.x,RightShoeEulerAngles.y,RightShoeEulerAngles.z,LeftGripPressed,LeftTriggerPressed,LeftFootSliding,LeftFootPressed,RightGripPressed,RightTriggerPressed,RightFootSliding,RightFootPressed
0.02,1,Training,0,Shelves,Shelves,-1.910719,0.4793907,-0.3689041,356.1215,269.9938,7.284654,-0.034,0,-0.063,0,0,0,-0.034,0,-0.063,0,0,0,0,0,0,0,0,0,0,0,0,295.02,351.238,99.42301,-0.175,-0.012,-0.001,295.0201,351.2376,99.42271,False,False,False,False,False,False,False,False
0.3533296,1,Training,0,Shelves,Shelves,-1.910719,0.4793907,-0.3689041,356.1215,269.9938,7.284654,-0.034,0,-0.063,0,0,0,-0.034,0,-0.063,0,0,0,0,0,0,0,0,0,0,0,0,295.02,351.238,99.42301,-0.175,-0.012,-0.001,295.0201,351.2376,99.42271,False,False,False,False,False,False,False,False
0.4533285,1,Training,0,Shelves,Shelves,-1.908905,0.479014,-0.369547,356.106,269.9603,7.287547,-0.034,0,-0.063,0,0,0,-0.034,0,-0.063,0,0,0,0,0,0,0,0,0,1.000927,0.009801382,-0.7534959,286.8851,323.8026,247.4312,1.251926,0.2363225,-1.748679,318.6057,279.8472,28.16516,False,False,False,False,False,False,False,False
0.5977713,1,Training,0,Shelves,Shelves,-1.907527,0.4789854,-0.3698322,356.1031,269.935,7.292071,-0.034,0,-0.063,0,0,0,-0.034,0,-0.063,0,0,0,0,0,0,0,0,0,1.000942,0.009780535,-0.7534916,286.8599,324.0177,247.2238,1.251872,0.2363521,-1.748604,318.6436,279.8156,28.17371,False,False,False,False,False,False,False,False
0.6755483,1,Training,0,Shelves,Shelves,-1.907228,0.4786887,-0.3701959,356.1,269.9222,7.294694,-0.034,0,-0.063,0,0,0,-0.034,0,-0.063,0,0,0,0,0,0,0,0,0,1.000946,0.009793195,-0.7534792,286.9106,323.947,247.3124,1.251697,0.2365484,-1.748459,318.9673,279.8742,28.04981,False,False,False,False,False,False,False,False
0.7199922,1,Training,0,Shelves,Shelves,-1.906846,0.4787003,-0.3705322,356.0942,269.9155,7.297335,-0.034,0,-0.063,0,0,0,-0.034,0,-0.063,0,0,0,0,0,0,0,0,0,1.000942,0.009825845,-0.7534914,286.9196,323.9337,247.3439,1.251795,0.2364498,-1.748547,318.8324,279.8737,28.07141,False,False,False,False,False,False,False,False
0.7533252,1,Training,0,Shelves,Shelves,-1.906845,0.4786848,-0.3705021,356.0962,269.9097,7.296853,-0.034,0,-0.063,0,0,0,-0.034,0,-0.063,0,0,0,0,0,0,0,0,0,1.000921,0.009794938,-0.7534853,286.9029,323.8944,247.3661,1.251832,0.2363974,-1.748567,318.7257,279.7864,28.16613,False,False,False,False,False,False,False,False
0.7977691,1,Training,0,Shelves,Shelves,-1.906737,0.4788856,-0.3704646,356.093,269.9047,7.291451,-0.034,0,-0.063,0,0,0,-0.034,0,-0.063,0,0,0,0,0,0,0,0,0,1.000936,0.009797003,-0.7534974,286.902,323.7963,247.4615,1.251893,0.2363444,-1.748631,318.6461,279.8388,28.1517,False,False,False,False,False,False,False,False
0.8422131,1,Training,0,Shelves,Shelves,-1.90663,0.4788561,-0.3706019,356.0944,269.9119,7.298602,-0.034,0,-0.063,0,0,0,-0.034,0,-0.063,0,0,0,0,0,0,0,0,0,1.000943,0.009787855,-0.7534847,286.9088,323.9552,247.3071,1.251729,0.2364795,-1.748499,318.9007,279.8292,28.12145,False,False,False,False,False,False,False,False
0.875546,1,Training,0,Shelves,Shelves,-1.906647,0.4787444,-0.3705682,356.0918,269.9016,7.301262,-0.034,0,-0.063,0,0,0,-0.034,0,-0.063,0,0,0,0,0,0,0,0,0,1.000943,0.009793909,-0.7534885,286.8578,323.8979,247.3504,1.251757,0.2364633,-1.748543,318.9147,279.86,28.08877,False,False,False,False,False,False,False,False
0.91999,1,Training,0,Shelves,Shelves,-1.906525,0.4788418,-0.3705893,356.0927,269.8965,7.302183,-0.034,0,-0.063,0,0,0,-0.034,0,-0.063,0,0,0,0,0,0,0,0,0,1.000977,0.009780733,-0.7535012,286.8964,323.8072,247.4476,1.251847,0.2363964,-1.748615,318.7761,279.8035,28.14373,False,False,False,False,False,False,False,False
0.9533229,1,Training,0,Shelves,Shelves,-1.906547,0.478889,-0.3705377,356.0906,269.8989,7.294715,-0.034,0,-0.063,0,0,0,-0.034,0,-0.063,0,0,0,0,0,0,0,0,0,1.000947,0.009789391,-0.7534996,286.8769,323.9676,247.2881,1.251792,0.2364375,-1.748614,318.9293,279.8328,28.11526,False,False,False,False,False,False,False,False
0.9866559,1,Training,0,Shelves,Shelves,-1.906438,0.4787501,-0.3705541,356.0845,269.902,7.297985,-0.034,0,-0.063,0,0,0,-0.034,0,-0.063,0,0,0,0,0,0,0,0,0,1.000978,0.009794309,-0.7535084,286.8833,323.9354,247.3214,1.2519,0.2363355,-1.748669,318.6309,279.8542,28.17311,False,False,False,False,False,False,False,False
1.131099,1,Training,0,Shelves,Shelves,-1.906286,0.4787909,-0.3705735,356.0836,269.896,7.29175,-0.034,0,-0.063,0,0,0,-0.034,0,-0.063,0,0,0,0,0,0,0,0,0,1.000983,0.009783925,-0.7535214,286.8901,323.839,247.4364,1.251832,0.2363923,-1.748605,318.7878,279.733,28.19393,False,False,False,False,False,False,False,False
1.208876,1,Training,0,Shelves,Shelves,-1.906644,0.4789057,-0.3705739,356.0897,269.8969,7.294812,-0.034,0,-0.063,0,0,0,-0.034,0,-0.063,0,0,0,0,0,0,0,0,0,1.000975,0.009807145,-0.7535296,286.9,323.7374,247.5185,1.251818,0.2364159,-1.748597,318.8044,279.884,28.09979,False,False,False,False,False,False,False,False
1.25332,1,Training,0,Shelves,Shelves,-1.906528,0.4787908,-0.3706832,356.0937,269.8927,7.303918,-0.034,0,-0.063,0,0,0,-0.034,0,-0.063,0,0,0,0,0,0,0,0,0,1.00097,0.009815174,-0.7535292,286.8912,323.7822,247.4645,1.251824,0.2363918,-1.748593,318.7575,279.7854,28.17052,False,False,False,False,False,False,False,False
1.286653,1,Training,0,Shelves,Shelves,-1.906514,0.4789012,-0.3706829,356.094,269.8938,7.293872,-0.034,0,-0.063,0,0,0,-0.034,0,-0.063,0,0,0,0,0,0,0,0,0,1.000967,0.009800007,-0.7535129,286.8722,323.6953,247.5548,1.251829,0.2363999,-1.748613,318.765,279.8901,28.11072,False,False,False,False,False,False,False,False
1.331097,1,Training,0,Shelves,Shelves,-1.90643,0.4787406,-0.3707747,356.0909,269.8927,7.294775,-0.034,0,-0.063,0,0,0,-0.034,0,-0.063,0,0,0,0,0,0,0,0,0,1.000964,0.009797973,-0.7535183,286.8788,323.8719,247.3847,1.251827,0.2364051,-1.748601,318.8022,279.8519,28.11413,False,False,False,False,False,False,False,False
1.364429,1,Training,0,Shelves,Shelves,-1.90638,0.4787184,-0.3707999,356.0893,269.8859,7.298728,-0.034,0,-0.063,0,0,0,-0.034,0,-0.063,0,0,0,0,0,0,0,0,0,1.000958,0.009797478,-0.7535228,286.8829,323.8297,247.4347,1.251758,0.2364517,-1.74857,318.9691,279.8042,28.11348,False,False,False,False,False,False,False,False
1.408873,1,Training,0,Shelves,Shelves,-1.90633,0.4786338,-0.3709106,356.0945,269.883,7.294744,-0.034,0,-0.063,0,0,0,-0.034,0,-0.063,0,0,0,0,0,0,0,0,0,1.000975,0.009780915,-0.7535207,286.8739,323.9619,247.2954,1.251791,0.236463,-1.748583,318.8619,279.9014,28.0781,False,False,False,False,False,False,False,False
1.453317,1,Training,0,Shelves,Shelves,-1.906229,0.4785743,-0.3710059,356.0961,269.8937,7.299648,-0.034,0,-0.063,0,0,0,-0.034,0,-0.063,0,0,0,0,0,0,0,0,0,1.000962,0.009801835,-0.7535082,286.873,323.9031,247.351,1.251913,0.2363097,-1.748675,318.5746,279.836,28.2204,False,False,False,False,False,False,False,False
1.497761,1,Training,0,Shelves,Shelves,-1.906267,0.4785207,-0.3710265,356.1035,269.889,7.302151,-0.034,0,-0.063,0,0,0,-0.034,0,-0.063,0,0,0,0,0,0,0,0,0,1.000931,0.009821412,-0.7535014,286.9175,323.9123,247.3521,1.251821,0.2363853,-1.748573,318.7403,279.774,28.18996,False,False,False,False,False,False,False,False
1.531094,1,Training,0,Shelves,Shelves,-1.906101,0.4783404,-0.3710878,356.0921,269.8865,7.30294,-0.034,0,-0.063,0,0,0,-0.034,0,-0.063,0,0,0,0,0,0,0,0,0,1.000919,0.009815832,-0.7534841,286.913,323.9529,247.2798,1.251863,0.2363716,-1.748596,318.674,279.8389,28.14878,False,False,False,False,False,False,False,False
1.575538,1,Training,0,Shelves,Shelves,-1.90619,0.4785219,-0.3709676,356.0984,269.8768,7.296318,-0.034,0,-0.063,0,0,0,-0.034,0,-0.063,0,0,0,0,0,0,0,0,0,1.000941,0.009798741,-0.7535117,286.8881,323.9385,247.3104,1.251824,0.2363912,-1.748597,318.7189,279.9411,28.1036,False,False,False,False,False,False,False,False
1.608871,1,Training,0,Shelves,Shelves,-1.906178,0.4784411,-0.3709564,356.0945,269.8815,7.302445,-0.034,0,-0.063,0,0,0,-0.034,0,-0.063,0,0,0,0,0,0,0,0,0,1.000932,0.009768048,-0.7534918,286.8761,324.0436,247.1991,1.251843,0.236368,-1.748571,318.6573,279.7965,28.18385,False,False,False,False,False,False,False,False
1.653315,1,Training,0,Shelves,Shelves,-1.906121,0.4783881,-0.3710692,356.0918,269.8917,7.297964,-0.034,0,-0.063,0,0,0,-0.034,0,-0.063,0,0,0,0,0,0,0,0,0,1.00092,0.009800874,-0.7535059,286.8773,323.8867,247.3395,1.251798,0.2363983,-1.748565,318.7693,279.8171,28.15279,False,False,False,False,False,False,False,False
1.686648,1,Training,0,Shelves,Shelves,-1.905934,0.4783211,-0.3712667,356.0982,269.8846,7.299286,-0.034,0,-0.063,0,0,0,-0.034,0,-0.063,0,0,0,0,0,0,0,0,0,1.000926,0.009790947,-0.7534947,286.8834,323.8847,247.3395,1.251829,0.236369,-1.748577,318.7326,279.7395,28.1991,False,False,False,False,False,False,False,False
1.731092,1,Training,0,Shelves,Shelves,-1.905912,0.4784112,-0.3713488,356.0895,269.8781,7.291569,-0.034,0,-0.063,0,0,0,-0.034,0,-0.063,0,0,0,0,0,0,0,0,0,1.000903,0.009793306,-0.7534826,286.895,324.0363,247.2101,1.251839,0.2363349,-1.748602,318.7023,279.7618,28.21261,False,False,False,False,False,False,False,False
1.775536,1,Training,0,Shelves,Shelves,-1.905962,0.4783221,-0.3714933,356.0902,269.8781,7.298664,-0.034,0,-0.063,0,0,0,-0.034,0,-0.063,0,0,0,0,0,0,0,0,0,1.000901,0.009760756,-0.7534887,286.8525,323.9554,247.2728,1.251634,0.2364945,-1.748443,319.1133,279.8302,28.05204,False,False,False,False,False,False,False,False
1.81998,1,Training,0,Shelves,Shelves,-1.906007,0.4785153,-0.3713006,356.0926,269.8838,7.286646,-0.034,0,-0.063,0,0,0,-0.034,0,-0.063,0,0,0,0,0,0,0,0,0,1.000947,0.009785451,-0.7535049,286.8663,323.9474,247.2786,1.251691,0.2365207,-1.748462,318.9373,279.9241,28.01737,False,False,False,False,False,False,False,False
1.853313,1,Training,0,Shelves,Shelves,-1.906078,0.4784707,-0.3712147,356.0932,269.8837,7.299834,-0.034,0,-0.063,0,0,0,-0.034,0,-0.063,0,0,0,0,0,0,0,0,0,1.000938,0.009786509,-0.7535076,286.886,323.8873,247.3581,1.251687,0.2365266,-1.748476,319.0152,279.9219,28.01885,False,False,False,False,False,False,False,False
1.897757,1,Training,0,Shelves,Shelves,-1.905989,0.4784382,-0.3713656,356.1,269.8907,7.2951,-0.034,0,-0.063,0,0,0,-0.034,0,-0.063,0,0,0,0,0,0,0,0,0,1.000921,0.009775158,-0.7534973,286.8795,323.9865,247.2606,1.251798,0.2363831,-1.748542,318.7362,279.7461,28.19149,False,False,False,False,False,False,False,False
1.93109,1,Training,0,Shelves,Shelves,-1.905988,0.4785246,-0.3712373,356.0895,269.8857,7.293412,-0.034,0,-0.063,0,0,0,-0.034,0,-0.063,0,0,0,0,0,0,0,0,0,1.000955,0.009786529,-0.7535055,286.8662,323.8911,247.3415,1.251649,0.2365418,-1.748443,319.0201,279.8231,28.08043,False,False,False,False,False,False,False,False
1.975534,1,Training,0,Shelves,Shelves,-1.906005,0.4786626,-0.3712815,356.087,269.8815,7.293017,-0.034,0,-0.063,0,0,0,-0.034,0,-0.063,0,0,0,0,0,0,0,0,0,1.000975,0.009792269,-0.7535145,286.8682,323.7445,247.5043,1.251686,0.2365262,-1.748478,318.9158,280.0004,28.00568,False,False,False,False,False,False,False,False
2.008867,1,Training,0,Shelves,Shelves,-1.905971,0.4786187,-0.3711056,356.0891,269.8771,7.292905,-0.034,0,-0.063,0,0,0,-0.034,0,-0.063,0,0,0,0,0,0,0,0,0,1.000967,0.009782979,-0.7535123,286.8899,323.7821,247.4812,1.251701,0.236512,-1.748475,318.9223,279.9098,28.0523,False,False,False,False,False,False,False,False
2.0422,1,Training,0,Shelves,Shelves,-1.905815,0.4787111,-0.3711337,356.0894,269.8806,7.289578,-0.034,0,-0.063,0,0,0,-0.034,0,-0.063,0,0,0,0,0,0,0,0,0,1.000962,0.009772667,-0.7535092,286.8725,323.8806,247.3745,1.251728,0.2364821,-1.74851,318.9054,279.8847,28.08782,False,False,False,False,False,False,False,False
2.075533,1,Training,0,Shelves,Shelves,-1.905816,0.4786438,-0.3711196,356.0906,269.8795,7.29432,-0.034,0,-0.063,0,0,0,-0.034,0,-0.063,0,0,0,0,0,0,0,0,0,1.000978,0.009809258,-0.7535088,286.8923,323.7963,247.4513,1.25186,0.236368,-1.748586,318.6055,279.828,28.17087,False,False,False,False,False,False,False,False
2.108866,1,Training,0,Shelves,Shelves,-1.905692,0.4786609,-0.3711278,356.0834,269.8727,7.293998,-0.034,0,-0.063,0,0,0,-0.034,0,-0.063,0,0,0,0,0,0,0,0,0,1.000963,0.009810994,-0.7535163,286.8935,323.8674,247.3891,1.251787,0.2364449,-1.74856,318.8487,279.8574,28.10849,False,False,False,False,False,False,False,False
2.142199,1,Training,0,Shelves,Shelves,-1.905581,0.4786987,-0.3711097,356.0806,269.8732,7.290694,-0.034,0,-0.063,0,0,0,-0.034,0,-0.063,0,0,0,0,0,0,0,0,0,1.000964,0.009796633,-0.7535139,286.8875,323.7253,247.5361,1.251815,0.2364196,-1.748555,318.7546,279.8249,28.14504,False,False,False,False,False,False,False,False
2.175532,1,Training,0,Shelves,Shelves,-1.905697,0.4786119,-0.3710492,356.0886,269.8811,7.292315,-0.034,0,-0.063,0,0,0,-0.034,0,-0.063,0,0,0,0,0,0,0,0,0,1.00097,0.009808809,-0.7535204,286.8853,323.9047,247.3498,1.251719,0.236512,-1.748501,318.9956,279.8245,28.07373,False,False,False,False,False,False,False,False
2.208864,1,Training,0,Shelves,Shelves,-1.905526,0.4788223,-0.3708904,356.0965,269.8764,7.287138,-0.034,0,-0.063,0,0,0,-0.034,0,-0.063,0,0,0,0,0,0,0,0,0,1.000968,0.009799029,-0.753526,286.9062,324.0061,247.2547,1.251703,0.23653,-1.748482,318.9792,279.9096,28.024,False,False,False,False,False,False,False,False
2.242198,1,Training,0,Shelves,Shelves,-1.905599,0.4788941,-0.3708093,356.0804,269.8701,7.29061,-0.034,0,-0.063,0,0,0,-0.034,0,-0.063,0,0,0,0,0,0,0,0,0,1.00097,0.009805978,-0.7535394,286.8729,323.7887,247.4635,1.251728,0.2365079,-1.748503,318.9012,279.9555,28.02589,False,False,False,False,False,False,False,False
2.275531,1,Training,0,Shelves,Shelves,-1.905628,0.4788238,-0.3708533,356.0899,269.8736,7.294273,-0.034,0,-0.063,0,0,0,-0.034,0,-0.063,0,0,0,0,0,0,0,0,0,1.000976,0.009786012,-0.7535378,286.8975,323.8757,247.3779,1.251786,0.2364513,-1.74854,318.7931,279.9144,28.07745,False,False,False,False,False,False,False,False
2.297752,1,Training,0,Shelves,Shelves,-1.906104,0.4787101,-0.3711222,356.0864,269.8856,7.295525,-0.034,0,-0.063,0,0,0,-0.034,0,-0.063,0,0,0,0,0,0,0,0,0,1.000978,0.009803434,-0.7535446,286.8807,323.8508,247.412,1.251828,0.2364086,-1.748589,318.7425,279.8987,28.09603,False,False,False,False,False,False,False,False
2.342196,1,Training,0,Shelves,Shelves,-1.905915,0.4788731,-0.3711347,356.0892,269.8786,7.293309,-0.034,0,-0.063,0,0,0,-0.034,0,-0.063,0,0,0,0,0,0,0,0,0,1.000974,0.009805907,-0.7535375,286.8862,323.8674,247.3838,1.251838,0.2364375,-1.748593,318.793,279.8912,28.0661,False,False,False,False,False,False,False,False
2.375529,1,Training,0,Shelves,Shelves,-1.905841,0.4788727,-0.3711788,356.0888,269.8765,7.28842,-0.034,0,-0.063,0,0,0,-0.034,0,-0.063,0,0,0,0,0,0,0,0,0,1.000965,0.009789429,-0.753523,286.8904,323.8453,247.4143,1.251899,0.2363616,-1.748653,318.6519,279.8461,28.16706,False,False,False,False,False,False,False,False
2.408862,1,Training,0,Shelves,Shelves,-1.905921,0.4787915,-0.3710765,356.0921,269.8823,7.290891,-0.034,0,-0.063,0,0,0,-0.034,0,-0.063,0,0,0,0,0,0,0,0,0,1.000946,0.009782306,-0.7535113,286.876,323.9237,247.3248,1.25188,0.2363586,-1.748634,318.6834,279.8243,28.16593,False,False,False,False,False,False,False,False
2.442195,1,Training,0,Shelves,Shelves,-1.90584,0.478842,-0.3709151,356.0868,269.882,7.290179,-0.034,0,-0.063,0,0,0,-0.034,0,-0.063,0,0,0,0,0,0,0,0,0,1.000949,0.009805919,-0.7535043,286.8946,323.8585,247.3972,1.25185,0.2363962,-1.748621,318.7341,279.9023,28.10066,False,False,False,False,False,False,False,False
2.475528,1,Training,0,Shelves,Shelves,-1.905912,0.4789337,-0.3707754,356.0893,269.8822,7.286063,-0.034,0,-0.063,0,0,0,-0.034,0,-0.063,0,0,0,0,0,0,0,0,0,1.000956,0.009823747,-0.7535172,286.912,323.8436,247.4171,1.251811,0.236423,-1.748595,318.8248,279.9342,28.06233,False,False,False,False,False,False,False,False
2.508861,1,Training,0,Shelves,Shelves,-1.905746,0.478826,-0.3709238,356.0903,269.881,7.291814,-0.034,0,-0.063,0,0,0,-0.034,0,-0.063,0,0,0,0,0,0,0,0,0,1.000933,0.009826794,-0.7535024,286.9181,323.9978,247.2684,1.251813,0.236436,-1.748577,318.7758,279.9311,28.06067,False,False,False,False,False,False,False,False
2.542194,1,Training,0,Shelves,Shelves,-1.90572,0.4788906,-0.3709358,356.0854,269.8826,7.291016,-0.034,0,-0.063,0,0,0,-0.034,0,-0.063,0,0,0,0,0,0,0,0,0,1.000919,0.009811919,-0.7535014,286.9125,323.9726,247.2867,1.251762,0.2364397,-1.748561,318.8891,279.9059,28.07572,False,False,False,False,False,False,False,False
2.564416,1,Training,0,Shelves,Shelves,-1.905789,0.4790459,-0.3708402,356.0882,269.884,7.286501,-0.034,0,-0.063,0,0,0,-0.034,0,-0.063,0,0,0,0,0,0,0,0,0,1.000924,0.009828988,-0.7534939,286.9274,323.959,247.3012,1.251805,0.2364248,-1.748577,318.7796,279.8874,28.09774,False,False,False,False,False,False,False,False
2.60886,1,Training,0,Shelves,Shelves,-1.905771,0.4790572,-0.3707867,356.0883,269.878,7.288604,-0.034,0,-0.063,0,0,0,-0.034,0,-0.063,0,0,0,0,0,0,0,0,0,1.000924,0.009804611,-0.7534965,286.9082,323.9543,247.3067,1.251742,0.2364741,-1.748543,318.9171,279.9417,28.04525,False,False,False,False,False,False,False,False
2.642193,1,Training,0,Shelves,Shelves,-1.905691,0.4790969,-0.3707907,356.0826,269.8751,7.283259,-0.034,0,-0.063,0,0,0,-0.034,0,-0.063,0,0,0,0,0,0,0,0,0,1.000914,0.009832169,-0.7534845,286.9276,323.9371,247.3265,1.251816,0.2364232,-1.748611,318.8374,279.8906,28.08852,False,False,False,False,False,False,False,False
2.675526,1,Training,0,Shelves,Shelves,-1.905737,0.4791485,-0.3707742,356.0867,269.871,7.285767,-0.034,0,-0.063,0,0,0,-0.034,0,-0.063,0,0,0,0,0,0,0,0,0,1.000933,0.009792118,-0.7534752,286.9084,323.9028,247.3501,1.251754,0.2364425,-1.748556,318.9324,279.8222,28.12459,False,False,False,False,False,False,False,False
2.708859,1,Training,0,Shelves,Shelves,-1.905839,0.4791809,-0.3707645,356.0886,269.8839,7.287907,-0.034,0,-0.063,0,0,0,-0.034,0,-0.063,0,0,0,0,0,0,0,0,0,1.000917,0.009805209,-0.753472,286.9232,323.9095,247.3464,1.251757,0.2364396,-1.748568,318.9087,279.8649,28.11168,False,False,False,False,False,False,False,False
2.731081,1,Training,0,Shelves,Shelves,-1.905846,0.4792575,-0.370961,356.0888,269.8839,7.278981,-0.034,0,-0.063,0,0,0,-0.034,0,-0.063,0,0,0,0,0,0,0,0,0,1.00091,0.009811602,-0.7534764,286.897,323.9142,247.3313,1.25171,0.2364789,-1.74852,319.0167,279.7831,28.11665,False,False,False,False,False,False,False,False
2.775525,1,Training,0,Shelves,Shelves,-1.905898,0.4792438,-0.3709716,356.0841,269.8716,7.287179,-0.034,0,-0.063,0,0,0,-0.034,0,-0.063,0,0,0,0,0,0,0,0,0,1.000913,0.009840486,-0.7534803,286.8967,323.976,247.2691,1.251781,0.2364341,-1.748577,318.8259,279.8951,28.09992,False,False,False,False,False,False,False,False
2.808858,1,Training,0,Shelves,Shelves,-1.905961,0.479307,-0.3709567,356.0919,269.8814,7.283839,-0.034,0,-0.063,0,0,0,-0.034,0,-0.063,0,0,0,0,0,0,0,0,0,1.000924,0.009771585,-0.7534868,286.877,324.0389,247.2049,1.251828,0.236363,-1.748576,318.7923,279.7327,28.19561,False,False,False,False,False,False,False,False
2.842191,1,Training,0,Shelves,Shelves,-1.906109,0.4792452,-0.3709227,356.0824,269.8821,7.287976,-0.034,0,-0.063,0,0,0,-0.034,0,-0.063,0,0,0,0,0,0,0,0,0,1.000931,0.009786747,-0.7534881,286.9105,323.967,247.2903,1.251837,0.236356,-1.748581,318.7357,279.7421,28.18214,False,False,False,False,False,False,False,False
2.875524,1,Training,0,Shelves,Shelves,-1.90607,0.4793251,-0.370867,356.0911,269.8856,7.286614,-0.034,0,-0.063,0,0,0,-0.034,0,-0.063,0,0,0,0,0,0,0,0,0,1.000943,0.009777045,-0.7534878,286.9003,323.9758,247.2776,1.251806,0.2363714,-1.748573,318.8373,279.7036,28.195,False,False,False,False,False,False,False,False
2.908857,1,Training,0,Shelves,Shelves,-1.906021,0.4794108,-0.3708151,356.0847,269.8849,7.283352,-0.034,0,-0.063,0,0,0,-0.034,0,-0.063,0,0,0,0,0,0,0,0,0,1.000924,0.009784069,-0.7534797,286.8764,324.0221,247.2172,1.251734,0.2364528,-1.748485,318.8817,279.7146,28.158,False,False,False,False,False,False,False,False
2.94219,1,Training,0,Shelves,Shelves,-1.905814,0.4794798,-0.3708867,356.0856,269.8745,7.284581,-0.034,0,-0.063,0,0,0,-0.034,0,-0.063,0,0,0,0,0,0,0,0,0,1.000943,0.009785093,-0.7534832,286.8926,323.8854,247.3591,1.251703,0.2364697,-1.748435,318.8766,279.7026,28.17708,False,False,False,False,False,False,False,False
2.975523,1,Training,0,Shelves,Shelves,-1.905784,0.4794327,-0.3708567,356.0866,269.8745,7.288286,-0.034,0,-0.063,0,0,0,-0.034,0,-0.063,0,0,0,0,0,0,0,0,0,1.000928,0.009787773,-0.7534774,286.8932,324.0581,247.1899,1.251754,0.2364282,-1.748497,318.8122,279.797,28.14684,False,False,False,False,False,False,False,False
3.008856,1,Training,0,Shelves,Shelves,-1.905753,0.4794933,-0.3709486,356.0849,269.8823,7.285338,-0.034,0,-0.063,0,0,0,-0.034,0,-0.063,0,0,0,0,0,0,0,0,0,1.000955,0.009781688,-0.7534878,286.894,323.7987,247.4518,1.251803,0.2364047,-1.748574,318.8082,279.834,28.12891,False,False,False,False,False,False,False,False
3.042189,1,Training,0,Shelves,Shelves,-1.905741,0.4794635,-0.3709389,356.0862,269.8747,7.288008,-0.034,0,-0.063,0,0,0,-0.034,0,-0.063,0,0,0,0,0,0,0,0,0,1.000941,0.009788834,-0.7534924,286.9182,323.8958,247.3704,1.25176,0.2364183,-1.74857,318.881,279.8523,28.12854,False,False,False,False,False,False,False,False
3.075521,1,Training,0,Shelves,Shelves,-1.905969,0.4795702,-0.3708832,356.081,269.884,7.288926,-0.034,0,-0.063,0,0,0,-0.034,0,-0.063,0,0,0,0,0,0,0,0,0,1.000963,0.009773676,-0.7535052,286.8659,323.8895,247.345,1.251742,0.236439,-1.748548,318.952,279.7599,28.16183,False,False,False,False,False,False,False,False
3.108855,1,Training,0,Shelves,Shelves,-1.905972,0.4796324,-0.3709048,356.0826,269.8771,7.286328,-0.034,0,-0.063,0,0,0,-0.034,0,-0.063,0,0,0,0,0,0,0,0,0,1.00096,0.009779713,-0.7535005,286.8818,324.0242,247.2262,1.251698,0.2364874,-1.748552,319.0624,279.8494,28.08441,False,False,False,False,False,False,False,False
3.142188,1,Training,0,Shelves,Shelves,-1.905953,0.4795731,-0.3711059,356.0827,269.8776,7.284675,-0.034,0,-0.063,0,0,0,-0.034,0,-0.063,0,0,0,0,0,0,0,0,0,1.00098,0.009779941,-0.7535005,286.8855,323.8154,247.4279,1.251801,0.2364065,-1.748609,318.8539,279.7323,28.20754,False,False,False,False,False,False,False,False
3.17552,1,Training,0,Shelves,Shelves,-1.905859,0.4796203,-0.3712648,356.0807,269.874,7.283189,-0.034,0,-0.063,0,0,0,-0.034,0,-0.063,0,0,0,0,0,0,0,0,0,1.00097,0.009773356,-0.7535117,286.8683,323.9438,247.3131,1.251782,0.2364086,-1.74863,318.951,279.7873,28.15876,False,False,False,False,False,False,False,False
3.197742,1,Training,0,Shelves,Shelves,-1.905758,0.4795969,-0.3713107,356.0852,269.8784,7.285179,-0.034,0,-0.063,0,0,0,-0.034,0,-0.063,0,0,0,0,0,0,0,0,0,1.000965,0.009773693,-0.7535092,286.8657,323.8845,247.3748,1.251808,0.2364028,-1.748663,318.9714,279.7814,28.15519,False,False,False,False,False,False,False,False
3.242186,1,Training,0,Shelves,Shelves,-1.905854,0.4795501,-0.3711868,356.0903,269.8813,7.277289,-0.034,0,-0.063,0,0,0,-0.034,0,-0.063,0,0,0,0,0,0,0,0,0,1.000967,0.009776413,-0.7535054,286.8853,323.8589,247.4044,1.25182,0.2363703,-1.748664,318.8768,279.7657,28.19884,False,False,False,False,False,False,False,False
3.275519,1,Training,0,Shelves,Shelves,-1.905835,0.4795726,-0.3710881,356.0797,269.8715,7.280881,-0.034,0,-0.063,0,0,0,-0.034,0,-0.063,0,0,0,0,0,0,0,0,0,1.000986,0.00977662,-0.7535338,286.8994,323.9386,247.3252,1.251825,0.2363799,-1.748623,318.8139,279.7165,28.22051,False,False,False,False,False,False,False,False
3.308852,1,Training,0,Shelves,Shelves,-1.905805,0.4795794,-0.3710425,356.0768,269.8741,7.281187,-0.034,0,-0.063,0,0,0,-0.034,0,-0.063,0,0,0,0,0,0,0,0,0,1.000973,0.009791562,-0.753503,286.875,323.8612,247.3814,1.251773,0.2364322,-1.748605,318.9144,279.8144,28.14115,False,False,False,False,False,False,False,False
3.342185,1,Training,0,Shelves,Shelves,-1.905648,0.4795392,-0.3711236,356.0817,269.877,7.278267,-0.034,0,-0.063,0,0,0,-0.034,0,-0.063,0,0,0,0,0,0,0,0,0,1.000966,0.009812501,-0.753485,286.88,323.8057,247.4303,1.251716,0.2365143,-1.748578,319.1056,279.9031,28.03954,False,False,False,False,False,False,False,False
3.375518,1,Training,0,Shelves,Shelves,-1.905624,0.479625,-0.3711235,356.0824,269.8701,7.276842,-0.034,0,-0.063,0,0,0,-0.034,0,-0.063,0,0,0,0,0,0,0,0,0,1.000982,0.00978501,-0.753503,286.8805,323.8241,247.4118,1.251756,0.2364422,-1.748597,318.9322,279.8467,28.13274,False,False,False,False,False,False,False,False
3.408851,1,Training,0,Shelves,Shelves,-1.905448,0.4795188,-0.3712669,356.0856,269.8729,7.283644,-0.034,0,-0.063,0,0,0,-0.034,0,-0.063,0,0,0,0,0,0,0,0,0,1.000973,0.009816797,-0.7535251,286.8835,323.6961,247.5544,1.251784,0.2364293,-1.748604,318.8905,279.8359,28.13206,False,False,False,False,False,False,False,False
3.442184,1,Training,0,Shelves,Shelves,-1.905431,0.4794938,-0.3713575,356.0819,269.8761,7.278285,-0.034,0,-0.063,0,0,0,-0.034,0,-0.063,0,0,0,0,0,0,0,0,0,1.000973,0.009794762,-0.7535119,286.8837,323.8372,247.4227,1.251872,0.2363204,-1.748649,318.7339,279.6917,28.24541,False,False,False,False,False,False,False,False
3.475517,1,Training,0,Shelves,Shelves,-1.905494,0.4795099,-0.3713313,356.0888,269.8737,7.284645,-0.034,0,-0.063,0,0,0,-0.034,0,-0.063,0,0,0,0,0,0,0,0,0,1.000967,0.009791612,-0.7535135,286.8993,323.8275,247.4308,1.251868,0.2363292,-1.748637,318.6624,279.7476,28.24698,False,False,False,False,False,False,False,False
3.50885,1,Training,0,Shelves,Shelves,-1.905359,0.4798089,-0.3711587,356.0842,269.8737,7.276336,-0.034,0,-0.063,0,0,0,-0.034,0,-0.063,0,0,0,0,0,0,0,0,0,1.00095,0.009789527,-0.7534987,286.8752,323.9076,247.3454,1.251753,0.2364419,-1.74855,318.9662,279.7365,28.1629,False,False,False,False,False,False,False,False
3.542183,1,Training,0,Shelves,Shelves,-1.905264,0.4796337,-0.3711974,356.0809,269.8734,7.280733,-0.034,0,-0.063,0,0,0,-0.034,0,-0.063,0,0,0,0,0,0,0,0,0,1.00094,0.00981207,-0.7534975,286.9326,323.7681,247.5031,1.251698,0.2365131,-1.748522,319.0164,279.9954,28.00577,False,False,False,False,False,False,False,False
3.575516,1,Training,0,Shelves,Shelves,-1.90546,0.4797828,-0.3711498,356.0904,269.8765,7.275083,-0.034,0,-0.063,0,0,0,-0.034,0,-0.063,0,0,0,0,0,0,0,0,0,1.000928,0.009806361,-0.7534834,286.9056,324.0737,247.194,1.251803,0.2363845,-1.748579,318.8205,279.7628,28.17188,False,False,False,False,False,False,False,False
3.608849,1,Training,0,Shelves,Shelves,-1.905407,0.4796701,-0.3713017,356.0823,269.876,7.281169,-0.034,0,-0.063,0,0,0,-0.034,0,-0.063,0,0,0,0,0,0,0,0,0,1.000918,0.009826685,-0.75349,286.9087,324.1331,247.1391,1.251748,0.2364353,-1.748564,318.9975,279.6816,28.17601,False,False,False,False,False,False,False,False
3.642182,1,Training,0,Shelves,Shelves,-1.905469,0.4796923,-0.3712626,356.0836,269.876,7.285628,-0.034,0,-0.063,0,0,0,-0.034,0,-0.063,0,0,0,0,0,0,0,0,0,1.000901,0.0098265,-0.753489,286.9203,323.8899,247.3604,1.251798,0.2363495,-1.748602,318.9148,279.5683,28.27722,False,False,False,False,False,False,False,False
3.664404,1,Training,0,Shelves,Shelves,-1.905567,0.4798697,-0.3711602,356.0834,269.8751,7.277771,-0.034,0,-0.063,0,0,0,-0.034,0,-0.063,0,0,0,0,0,0,0,0,0,1.000926,0.009812742,-0.7534919,286.8904,324.018,247.235,1.25179,0.2363957,-1.748626,318.9416,279.7715,28.17078,False,False,False,False,False,False,False,False
3.708848,1,Training,0,Shelves,Shelves,-1.905612,0.4796771,-0.3712207,356.0897,269.8791,7.278331,-0.034,0,-0.063,0,0,0,-0.034,0,-0.063,0,0,0,0,0,0,0,0,0,1.000927,0.00980881,-0.753484,286.9245,323.9622,247.2966,1.251746,0.2364331,-1.748604,319.0599,279.6551,28.19994,False,False,False,False,False,False,False,False
3.753292,1,Training,0,Shelves,Shelves,-1.905543,0.4797794,-0.3713347,356.0855,269.8751,7.278556,-0.034,0,-0.063,0,0,0,-0.034,0,-0.063,0,0,0,0,0,0,0,0,0,1.000902,0.009816878,-0.7534706,286.9375,324.0883,247.1693,1.251773,0.2364298,-1.748631,319.0209,279.7712,28.14726,False,False,False,False,False,False,False,False
3.786625,1,Training,0,Shelves,Shelves,-1.905393,0.4797074,-0.3713417,356.0855,269.8767,7.278142,-0.034,0,-0.063,0,0,0,-0.034,0,-0.063,0,0,0,0,0,0,0,0,0,1.000896,0.009838535,-0.7534841,286.9232,324.1631,247.1076,1.25177,0.2364508,-1.748654,319.0386,279.8895,28.08098,False,False,False,False,False,False,False,False
3.819958,1,Training,0,Shelves,Shelves,-1.905276,0.4798322,-0.3714346,356.0807,269.8672,7.275898,-0.034,0,-0.063,0,0,0,-0.034,0,-0.063,0,0,0,0,0,0,0,0,0,1.000892,0.009828789,-0.753463,286.9511,323.9766,247.2889,1.251832,0.2363844,-1.748668,318.8948,279.7728,28.17386,False,False,False,False,False,False,False,False
3.84218,1,Training,0,Shelves,Shelves,-1.905389,0.4797824,-0.3714245,356.0892,269.872,7.277779,-0.034,0,-0.063,0,0,0,-0.034,0,-0.063,0,0,0,0,0,0,0,0,0,1.000899,0.009843455,-0.7534699,286.9128,324.1421,247.1389,1.251871,0.2363654,-1.748683,318.7181,279.9276,28.13323,False,False,False,False,False,False,False,False
3.886624,1,Training,0,Shelves,Shelves,-1.90534,0.4797313,-0.37152,356.0926,269.8725,7.273575,-0.034,0,-0.063,0,0,0,-0.034,0,-0.063,0,0,0,0,0,0,0,0,0,1.000906,0.009808957,-0.7534668,286.8818,324.0491,247.2116,1.25185,0.2363995,-1.748654,318.7858,279.899,28.11436,False,False,False,False,False,False,False,False
3.919957,1,Training,0,Shelves,Shelves,-1.905365,0.4797284,-0.3715398,356.0818,269.87,7.275963,-0.034,0,-0.063,0,0,0,-0.034,0,-0.063,0,0,0,0,0,0,0,0,0,1.00091,0.009823644,-0.7534867,286.8911,323.9803,247.2809,1.251787,0.236463,-1.748613,318.9168,279.9665,28.03811,False,False,False,False,False,False,False,False
3.95329,1,Training,0,Shelves,Shelves,-1.905262,0.479786,-0.3715071,356.0902,269.8742,7.274469,-0.034,0,-0.063,0,0,0,-0.034,0,-0.063,0,0,0,0,0,0,0,0,0,1.000932,0.00977227,-0.7534726,286.9081,323.9341,247.3257,1.251801,0.2364201,-1.748601,318.8173,279.9379,28.07223,False,False,False,False,False,False,False,False
3.986623,1,Training,0,Shelves,Shelves,-1.905327,0.4795541,-0.3714201,356.0859,269.8727,7.275742,-0.034,0,-0.063,0,0,0,-0.034,0,-0.063,0,0,0,0,0,0,0,0,0,1.000931,0.009795385,-0.7534842,286.9048,324.0772,247.1751,1.251781,0.2364311,-1.748567,318.8948,279.8051,28.12268,False,False,False,False,False,False,False,False
4.008844,1,Training,0,Shelves,Shelves,-1.905961,0.4795064,-0.371787,356.0867,269.8873,7.270763,-0.034,0,-0.063,0,0,0,-0.034,0,-0.063,0,0,0,0,0,0,0,0,0,1.000928,0.009796371,-0.7534889,286.8955,323.9583,247.2959,1.251713,0.2364972,-1.748503,318.9798,279.8681,28.06205,False,False,False,False,False,False,False,False
4.053288,1,Training,0,Shelves,Shelves,-1.905888,0.4793759,-0.3718345,356.0847,269.8826,7.279276,-0.034,0,-0.063,0,0,0,-0.034,0,-0.063,0,0,0,0,0,0,0,0,0,1.000937,0.009783347,-0.7534871,286.8942,323.8201,247.4312,1.25171,0.23647,-1.74843,318.8792,279.6992,28.15963,False,False,False,False,False,False,False,False
4.086621,1,Training,0,Shelves,Shelves,-1.905907,0.4794556,-0.3715597,356.0832,269.8891,7.27041,-0.034,0,-0.063,0,0,0,-0.034,0,-0.063,0,0,0,0,0,0,0,0,0,1.000948,0.009792592,-0.7534984,286.8905,323.9996,247.2617,1.251696,0.2365232,-1.748389,318.8883,279.7914,28.06404,False,False,False,False,False,False,False,False
4.108843,1,Training,0,Shelves,Shelves,-1.906076,0.4794672,-0.3713108,356.0925,269.8889,7.281084,-0.034,0,-0.063,0,0,0,-0.034,0,-0.063,0,0,0,0,0,0,0,0,0,1.000929,0.009811139,-0.7534871,286.9006,323.9182,247.3326,1.251657,0.2365555,-1.74841,319.041,279.8894,28.00298,False,False,False,False,False,False,False,False
4.153287,1,Training,0,Shelves,Shelves,-1.90605,0.4795452,-0.3712769,356.0753,269.8875,7.270791,-0.034,0,-0.063,0,0,0,-0.034,0,-0.063,0,0,0,0,0,0,0,0,0,1.000953,0.009784704,-0.7534885,286.8816,323.9778,247.2727,1.251745,0.2364602,-1.74848,318.8403,279.7881,28.13832,False,False,False,False,False,False,False,False
4.18662,1,Training,0,Shelves,Shelves,-1.906075,0.4797077,-0.3712132,356.0804,269.8851,7.265529,-0.034,0,-0.063,0,0,0,-0.034,0,-0.063,0,0,0,0,0,0,0,0,0,1.000952,0.009777709,-0.7534876,286.8883,323.9676,247.2943,1.25172,0.2364975,-1.748567,319.0891,279.8648,28.04782,False,False,False,False,False,False,False,False
4.219953,1,Training,0,Shelves,Shelves,-1.905927,0.479613,-0.3711294,356.0847,269.8867,7.269248,-0.034,0,-0.063,0,0,0,-0.034,0,-0.063,0,0,0,0,0,0,0,0,0,1.000964,0.009796314,-0.7535051,286.8951,323.926,247.3264,1.251865,0.2363751,-1.748681,318.8286,279.8524,28.12697,False,False,False,False,False,False,False,False
4.242175,1,Training,0,Shelves,Shelves,-1.905834,0.4796707,-0.3709871,356.0825,269.8879,7.276371,-0.034,0,-0.063,0,0,0,-0.034,0,-0.063,0,0,0,0,0,0,0,0,0,1.000966,0.009774142,-0.7535083,286.8654,323.9878,247.2594,1.251838,0.2364007,-1.74867,318.8812,279.8461,28.13108,False,False,False,False,False,False,False,False
4.275508,1,Training,0,Shelves,Shelves,-1.90585,0.4796262,-0.3709154,356.0808,269.8823,7.277636,-0.034,0,-0.063,0,0,0,-0.034,0,-0.063,0,0,0,0,0,0,0,0,0,1.000967,0.009794676,-0.7535214,286.8815,323.8539,247.3871,1.251883,0.2363711,-1.748695,318.752,279.9052,28.12957,False,False,False,False,False,False,False,False
4.319952,1,Training,0,Shelves,Shelves,-1.906003,0.4797009,-0.3707472,356.087,269.8834,7.265146,-0.034,0,-0.063,0,0,0,-0.034,0,-0.063,0,0,0,0,0,0,0,0,0,1.000963,0.009786257,-0.7535133,286.8615,323.8421,247.3975,1.251897,0.2363455,-1.748691,318.7303,279.8001,28.18507,False,False,False,False,False,False,False,False
4.353285,1,Training,0,Shelves,Shelves,-1.905921,0.4798439,-0.3705321,356.09,269.8816,7.268867,-0.034,0,-0.063,0,0,0,-0.034,0,-0.063,0,0,0,0,0,0,0,0,0,1.000958,0.009814847,-0.7535087,286.8851,323.9079,247.3464,1.251811,0.2364544,-1.748661,318.9267,279.9832,28.04881,False,False,False,False,False,False,False,False
4.386618,1,Training,0,Shelves,Shelves,-1.905944,0.4798167,-0.3705147,356.0891,269.8832,7.269181,-0.034,0,-0.063,0,0,0,-0.034,0,-0.063,0,0,0,0,0,0,0,0,0,1.00096,0.00978271,-0.7534965,286.8761,323.8269,247.4252,1.251833,0.2363966,-1.748629,318.8531,279.7808,28.14951,False,False,False,False,False,False,False,False
4.419951,1,Training,0,Shelves,Shelves,-1.905975,0.4797734,-0.3705438,356.0834,269.8776,7.269888,-0.034,0,-0.063,0,0,0,-0.034,0,-0.063,0,0,0,0,0,0,0,0,0,1.000962,0.009822582,-0.7535158,286.8894,323.73,247.5124,1.251875,0.2363685,-1.74864,318.727,279.8383,28.13249,False,False,False,False,False,False,False,False
4.442173,1,Training,0,Shelves,Shelves,-1.906077,0.4797196,-0.3704894,356.0866,269.8845,7.265716,-0.034,0,-0.063,0,0,0,-0.034,0,-0.063,0,0,0,0,0,0,0,0,0,1.000972,0.009785323,-0.7535034,286.858,323.8681,247.3815,1.251936,0.2363141,-1.748693,318.6312,279.8144,28.17552,False,False,False,False,False,False,False,False
4.486617,1,Training,0,Shelves,Shelves,-1.906201,0.4796828,-0.3705731,356.0878,269.8893,7.269628,-0.034,0,-0.063,0,0,0,-0.034,0,-0.063,0,0,0,0,0,0,0,0,0,1.000957,0.009786258,-0.7534946,286.8854,323.7891,247.4547,1.251853,0.2363772,-1.748612,318.7664,279.7939,28.15185,False,False,False,False,False,False,False,False
4.51995,1,Training,0,Shelves,Shelves,-1.906143,0.4796619,-0.3705503,356.0798,269.8813,7.268059,-0.034,0,-0.063,0,0,0,-0.034,0,-0.063,0,0,0,0,0,0,0,0,0,1.000969,0.009798301,-0.753507,286.8725,323.8785,247.373,1.251808,0.2364183,-1.74858,318.8553,279.7995,28.13055,False,False,False,False,False,False,False,False
4.542172,1,Training,0,Shelves,Shelves,-1.906034,0.4796436,-0.3706226,356.0854,269.883,7.273487,-0.034,0,-0.063,0,0,0,-0.034,0,-0.063,0,0,0,0,0,0,0,0,0,1.000947,0.009786678,-0.7535127,286.8806,323.9127,247.3257,1.251819,0.2363711,-1.748539,318.7049,279.7693,28.17751,False,False,False,False,False,False,False,False
4.586616,1,Training,0,Shelves,Shelves,-1.906944,0.4794862,-0.3708186,356.0811,269.8929,7.277839,-0.034,0,-0.063,0,0,0,-0.034,0,-0.063,0,0,0,0,0,0,0,0,0,1.000966,0.009788852,-0.7535221,286.866,323.9441,247.2983,1.251819,0.2364022,-1.748547,318.7637,279.7672,28.16066,False,False,False,False,False,False,False,False
4.619949,1,Training,0,Shelves,Shelves,-1.907078,0.4795997,-0.3707907,356.0875,269.9031,7.275656,-0.034,0,-0.063,0,0,0,-0.034,0,-0.063,0,0,0,0,0,0,0,0,0,1.000943,0.009785796,-0.7535071,286.9002,323.956,247.309,1.251741,0.236442,-1.74852,318.8762,279.8265,28.11477,False,False,False,False,False,False,False,False
4.642171,1,Training,0,Shelves,Shelves,-1.90708,0.4795239,-0.3708564,356.0954,269.8961,7.278679,-0.034,0,-0.063,0,0,0,-0.034,0,-0.063,0,0,0,0,0,0,0,0,0,1.000937,0.009808696,-0.7535043,286.9308,323.9291,247.3252,1.251849,0.2363834,-1.748603,318.7817,279.7547,28.16149,False,False,False,False,False,False,False,False
4.686615,1,Training,0,Shelves,Shelves,-1.907091,0.4794108,-0.3706851,356.0879,269.8972,7.274584,-0.034,0,-0.063,0,0,0,-0.034,0,-0.063,0,0,0,0,0,0,0,0,0,1.000932,0.009797968,-0.7534927,286.8893,324.0253,247.2233,1.251815,0.2363859,-1.748607,318.8086,279.8459,28.13604,False,False,False,False,False,False,False,False
4.719948,1,Training,0,Shelves,Shelves,-1.90723,0.4793611,-0.3705803,356.0896,269.9004,7.280607,-0.034,0,-0.063,0,0,0,-0.034,0,-0.063,0,0,0,0,0,0,0,0,0,1.00094,0.009813367,-0.753495,286.9111,323.9721,247.273,1.251837,0.2363917,-1.748608,318.7829,279.8064,28.13922,False,False,False,False,False,False,False,False
4.74217,1,Training,0,Shelves,Shelves,-1.907193,0.4794248,-0.3704537,356.095,269.9005,7.272163,-0.034,0,-0.063,0,0,0,-0.034,0,-0.063,0,0,0,0,0,0,0,0,0,1.000926,0.009804268,-0.7534925,286.9037,323.9751,247.2803,1.251746,0.2364535,-1.748563,319.031,279.7925,28.09851,False,False,False,False,False,False,False,False
4.786613,1,Training,0,Shelves,Shelves,-1.907094,0.4794419,-0.3703895,356.087,269.9006,7.281134,-0.034,0,-0.063,0,0,0,-0.034,0,-0.063,0,0,0,0,0,0,0,0,0,1.00094,0.009813503,-0.7534958,286.9348,323.9076,247.3658,1.251842,0.2364088,-1.748629,318.8054,279.916,28.0717,False,False,False,False,False,False,False,False
4.819947,1,Training,0,Shelves,Shelves,-1.906956,0.4794265,-0.3703296,356.0872,269.8939,7.277518,-0.034,0,-0.063,0,0,0,-0.034,0,-0.063,0,0,0,0,0,0,0,0,0,1.000927,0.009793062,-0.7534894,286.8813,323.7961,247.4299,1.251755,0.2364404,-1.748577,319.0074,279.747,28.12696,False,False,False,False,False,False,False,False
4.85328,1,Training,0,Shelves,Shelves,-1.906877,0.479382,-0.3706262,356.0931,269.9006,7.279467,-0.034,0,-0.063,0,0,0,-0.034,0,-0.063,0,0,0,0,0,0,0,0,0,1.000933,0.009811252,-0.7534845,286.9033,323.9447,247.2976,1.251758,0.2364663,-1.748542,318.9123,279.8375,28.08896,False,False,False,False,False,False,False,False
4.886612,1,Training,0,Shelves,Shelves,-1.90677,0.4792966,-0.3706709,356.0929,269.8939,7.277541,-0.034,0,-0.063,0,0,0,-0.034,0,-0.063,0,0,0,0,0,0,0,0,0,1.000916,0.009814387,-0.7534779,286.9097,323.9182,247.3275,1.251802,0.2363775,-1.748542,318.7392,279.7695,28.18234,False,False,False,False,False,False,False,False
4.908834,1,Training,0,Shelves,Shelves,-1.90673,0.4793571,-0.3706435,356.083,269.8986,7.279228,-0.034,0,-0.063,0,0,0,-0.034,0,-0.063,0,0,0,0,0,0,0,0,0,1.000947,0.009785935,-0.7534846,286.8695,323.8619,247.3677,1.251822,0.2363682,-1.748551,318.7235,279.7386,28.20054,False,False,False,False,False,False,False,False
4.953279,1,Training,0,Shelves,Shelves,-1.906728,0.4792349,-0.3706051,356.0812,269.9005,7.284779,-0.034,0,-0.063,0,0,0,-0.034,0,-0.063,0,0,0,0,0,0,0,0,0,1.000942,0.009804131,-0.7534832,286.9086,323.8812,247.3603,1.251761,0.2364377,-1.748534,318.8879,279.8314,28.10145,False,False,False,False,False,False,False,False
4.986611,1,Training,0,Shelves,Shelves,-1.906719,0.4793672,-0.370542,356.0787,269.9017,7.273037,-0.034,0,-0.063,0,0,0,-0.034,0,-0.063,0,0,0,0,0,0,0,0,0,1.000948,0.009782857,-0.753492,286.8659,323.9031,247.3235,1.251814,0.2363895,-1.74856,318.8156,279.6694,28.20015,False,False,False,False,False,False,False,False
5.008833,1,Training,0,Shelves,Shelves,-1.906568,0.4792753,-0.3704849,356.0802,269.8918,7.274678,-0.034,0,-0.063,0,0,0,-0.034,0,-0.063,0,0,0,0,0,0,0,0,0,1.000937,0.009793829,-0.75349,286.8806,323.9067,247.3398,1.25181,0.2363871,-1.748557,318.7802,279.7389,28.17224,False,False,False,False,False,False,False,False
5.053277,1,Training,0,Shelves,Shelves,-1.906525,0.4791621,-0.3704813,356.0778,269.8934,7.272263,-0.034,0,-0.063,0,0,0,-0.034,0,-0.063,0,0,0,0,0,0,0,0,0,1.000939,0.009779759,-0.7534922,286.8724,323.8547,247.3811,1.251748,0.2364692,-1.748553,318.9617,279.8845,28.05696,False,False,False,False,False,False,False,False
5.08661,1,Training,0,Shelves,Shelves,-1.906495,0.4792216,-0.3705993,356.0844,269.8928,7.274746,-0.034,0,-0.063,0,0,0,-0.034,0,-0.063,0,0,0,0,0,0,0,0,0,1.000946,0.009778575,-0.753491,286.8655,323.9476,247.2928,1.251756,0.2364401,-1.748541,318.9071,279.8376,28.10581,False,False,False,False,False,False,False,False
5.108832,1,Training,0,Shelves,Shelves,-1.906421,0.4791791,-0.3706669,356.0768,269.8922,7.269924,-0.034,0,-0.063,0,0,0,-0.034,0,-0.063,0,0,0,0,0,0,0,0,0,1.000948,0.009786702,-0.7535073,286.8875,323.8088,247.4243,1.251825,0.2364006,-1.748599,318.8011,279.8159,28.14879,False,False,False,False,False,False,False,False
5.153276,1,Training,0,Shelves,Shelves,-1.906317,0.479061,-0.3707854,356.0817,269.8919,7.281641,-0.034,0,-0.063,0,0,0,-0.034,0,-0.063,0,0,0,0,0,0,0,0,0,1.000943,0.00978811,-0.7534874,286.8806,323.9525,247.2892,1.251884,0.2363226,-1.748609,318.6899,279.588,28.29023,False,False,False,False,False,False,False,False
5.186609,1,Training,0,Shelves,Shelves,-1.906196,0.4790425,-0.3708164,356.0832,269.8889,7.27528,-0.034,0,-0.063,0,0,0,-0.034,0,-0.063,0,0,0,0,0,0,0,0,0,1.000941,0.009805336,-0.7534874,286.9119,323.8853,247.3808,1.251836,0.2364034,-1.748618,318.7875,279.8607,28.11602,False,False,False,False,False,False,False,False
5.208831,1,Training,0,Shelves,Shelves,-1.906044,0.4790244,-0.3708406,356.0729,269.8854,7.276383,-0.034,0,-0.063,0,0,0,-0.034,0,-0.063,0,0,0,0,0,0,0,0,0,1.000958,0.009783494,-0.753492,286.8713,323.8985,247.3436,1.251762,0.236443,-1.748564,318.8939,279.8704,28.09045,False,False,False,False,False,False,False,False
5.253275,1,Training,0,Shelves,Shelves,-1.906088,0.4789991,-0.3708865,356.0807,269.8884,7.276823,-0.034,0,-0.063,0,0,0,-0.034,0,-0.063,0,0,0,0,0,0,0,0,0,1.000954,0.009791331,-0.7535039,286.8852,323.7469,247.4983,1.251746,0.2364557,-1.748515,318.873,279.7795,28.15123,False,False,False,False,False,False,False,False
5.286608,1,Training,0,Shelves,Shelves,-1.905957,0.4790037,-0.3708519,356.0785,269.8878,7.277211,-0.034,0,-0.063,0,0,0,-0.034,0,-0.063,0,0,0,0,0,0,0,0,0,1.000964,0.009785654,-0.7535111,286.8794,323.8122,247.4194,1.251662,0.2365357,-1.748441,319.0018,279.8739,28.04859,False,False,False,False,False,False,False,False
5.30883,1,Training,0,Shelves,Shelves,-1.905935,0.4788621,-0.370904,356.0763,269.8826,7.28012,-0.034,0,-0.063,0,0,0,-0.034,0,-0.063,0,0,0,0,0,0,0,0,0,1.00095,0.009775245,-0.7534968,286.8603,323.9922,247.2496,1.251676,0.2365101,-1.748445,318.9789,279.796,28.09184,False,False,False,False,False,False,False,False
5.353274,1,Training,0,Shelves,Shelves,-1.905917,0.4788845,-0.3709182,356.0766,269.8851,7.277739,-0.034,0,-0.063,0,0,0,-0.034,0,-0.063,0,0,0,0,0,0,0,0,0,1.000977,0.009788758,-0.7535106,286.8799,323.7646,247.4828,1.25176,0.2364362,-1.748516,318.7738,279.8882,28.1144,False,False,False,False,False,False,False,False
5.386607,1,Training,0,Shelves,Shelves,-1.905871,0.4788951,-0.3709588,356.0756,269.8871,7.280415,-0.034,0,-0.063,0,0,0,-0.034,0,-0.063,0,0,0,0,0,0,0,0,0,1.000965,0.009779364,-0.7535001,286.8746,323.911,247.3393,1.251715,0.2364842,-1.748498,318.9271,279.8264,28.10642,False,False,False,False,False,False,False,False
5.408829,1,Training,0,Shelves,Shelves,-1.905846,0.4789575,-0.3708911,356.0897,269.8918,7.281721,-0.034,0,-0.063,0,0,0,-0.034,0,-0.063,0,0,0,0,0,0,0,0,0,1.000964,0.009800381,-0.7535133,286.889,323.8253,247.4174,1.251727,0.236495,-1.748515,318.973,279.8139,28.10053,False,False,False,False,False,False,False,False
5.453273,1,Training,0,Shelves,Shelves,-1.905759,0.4789764,-0.3708556,356.0807,269.8799,7.276614,-0.034,0,-0.063,0,0,0,-0.034,0,-0.063,0,0,0,0,0,0,0,0,0,1.000965,0.009793336,-0.7535146,286.9001,323.8551,247.4028,1.251722,0.2364873,-1.74855,318.9893,279.9006,28.05816,False,False,False,False,False,False,False,False
5.486606,1,Training,0,Shelves,Shelves,-1.905702,0.4790116,-0.370863,356.079,269.8833,7.272495,-0.034,0,-0.063,0,0,0,-0.034,0,-0.063,0,0,0,0,0,0,0,0,0,1.000985,0.009789479,-0.7535219,286.9145,323.8216,247.4466,1.251812,0.2364208,-1.748598,318.8863,279.7389,28.15873,False,False,False,False,False,False,False,False
5.519939,1,Training,0,Shelves,Shelves,-1.905686,0.479012,-0.3707804,356.0874,269.8822,7.267975,-0.034,0,-0.063,0,0,0,-0.034,0,-0.063,0,0,0,0,0,0,0,0,0,1.000971,0.009793142,-0.7535179,286.8621,323.8696,247.3707,1.251738,0.2364707,-1.748532,318.9885,279.7196,28.14327,False,False,False,False,False,False,False,False
5.553272,1,Training,0,Shelves,Shelves,-1.90576,0.4789816,-0.370683,356.0818,269.8816,7.278652,-0.034,0,-0.063,0,0,0,-0.034,0,-0.063,0,0,0,0,0,0,0,0,0,1.000964,0.009796166,-0.753509,286.8932,323.8081,247.4313,1.25173,0.2365076,-1.748535,318.9877,279.8429,28.07955,False,False,False,False,False,False,False,False
5.575494,1,Training,0,Shelves,Shelves,-1.905658,0.4790112,-0.3707298,356.0829,269.8853,7.272596,-0.034,0,-0.063,0,0,0,-0.034,0,-0.063,0,0,0,0,0,0,0,0,0,1.000965,0.00976878,-0.7535091,286.874,324.0101,247.235,1.251694,0.236503,-1.748512,319.1135,279.7553,28.10557,False,False,False,False,False,False,False,False
5.619938,1,Training,0,Shelves,Shelves,-1.905535,0.4790068,-0.3706506,356.082,269.8808,7.278022,-0.034,0,-0.063,0,0,0,-0.034,0,-0.063,0,0,0,0,0,0,0,0,0,1.000957,0.009789687,-0.7535027,286.8941,323.9769,247.2833,1.251735,0.2364776,-1.74854,318.9167,279.8476,28.11214,False,False,False,False,False,False,False,False
5.653271,1,Training,0,Shelves,Shelves,-1.905492,0.4791453,-0.3705916,356.0791,269.8791,7.272654,-0.034,0,-0.063,0,0,0,-0.034,0,-0.063,0,0,0,0,0,0,0,0,0,1.000959,0.00979894,-0.7535117,286.8876,323.8228,247.4322,1.25166,0.2365405,-1.748477,319.0479,279.9019,28.04763,False,False,False,False,False,False,False,False
5.686604,1,Training,0,Shelves,Shelves,-1.905466,0.4789919,-0.3706455,356.0782,269.884,7.278478,-0.034,0,-0.063,0,0,0,-0.034,0,-0.063,0,0,0,0,0,0,0,0,0,1.000946,0.009806119,-0.7535103,286.8722,323.8703,247.3759,1.251723,0.2364725,-1.748472,318.8502,279.7989,28.12917,False,False,False,False,False,False,False,False
5.719936,1,Training,0,Shelves,Shelves,-1.905776,0.4789869,-0.3706941,356.0844,269.8906,7.271052,-0.034,0,-0.063,0,0,0,-0.034,0,-0.063,0,0,0,0,0,0,0,0,0,1.000953,0.009790014,-0.7535046,286.8916,323.8138,247.4441,1.251653,0.2365234,-1.74843,319.0718,279.7318,28.10411,False,False,False,False,False,False,False,False
5.75327,1,Training,0,Shelves,Shelves,-1.905729,0.4789591,-0.3706329,356.0865,269.8852,7.277539,-0.034,0,-0.063,0,0,0,-0.034,0,-0.063,0,0,0,0,0,0,0,0,0,1.000949,0.00977317,-0.753504,286.8666,323.8616,247.3729,1.251633,0.2365512,-1.748448,319.1284,279.8553,28.04235,False,False,False,False,False,False,False,False
5.786602,1,Training,0,Shelves,Shelves,-1.905731,0.4788802,-0.3706152,356.0851,269.8853,7.276768,-0.034,0,-0.063,0,0,0,-0.034,0,-0.063,0,0,0,0,0,0,0,0,0,1.000945,0.009783301,-0.7535217,286.9028,323.9153,247.3132,1.251746,0.2364653,-1.74853,318.9029,279.8208,28.11528,False,False,False,False,False,False,False,False
5.819935,1,Training,0,Shelves,Shelves,-1.905678,0.4790277,-0.3707122,356.0856,269.8859,7.275318,-0.034,0,-0.063,0,0,0,-0.034,0,-0.063,0,0,0,0,0,0,0,0,0,1.0009,0.009856917,-0.7534812,286.9187,324.0783,247.184,1.251747,0.2364708,-1.748549,318.9521,279.7856,28.1258,False,False,False,False,False,False,False,False
5.853269,1,Training,0,Shelves,Shelves,-1.905712,0.4788738,-0.3707927,356.0717,269.8734,7.283095,-0.034,0,-0.063,0,0,0,-0.034,0,-0.063,0,0,0,0,0,0,0,0,0,1.00092,0.009804428,-0.7534907,286.912,323.9809,247.2789,1.251754,0.2364555,-1.748562,318.9702,279.7531,28.13917,False,False,False,False,False,False,False,False
5.886601,1,Training,0,Shelves,Shelves,-1.905583,0.4790806,-0.3707444,356.0812,269.8815,7.276568,-0.034,0,-0.063,0,0,0,-0.034,0,-0.063,0,0,0,0,0,0,0,0,0,1.000931,0.009796173,-0.7535042,286.8818,323.8657,247.3747,1.251772,0.2364165,-1.748569,318.9237,279.7342,28.16716,False,False,False,False,False,False,False,False
5.919934,1,Training,0,Shelves,Shelves,-1.905705,0.4791907,-0.3708097,356.0821,269.8897,7.273969,-0.034,0,-0.063,0,0,0,-0.034,0,-0.063,0,0,0,0,0,0,0,0,0,1.000931,0.009790273,-0.7534896,286.8889,323.9752,247.2697,1.25177,0.2364337,-1.748573,318.9194,279.7588,28.15451,False,False,False,False,False,False,False,False
5.953267,1,Training,0,Shelves,Shelves,-1.905874,0.4791364,-0.3707439,356.0826,269.8816,7.276453,-0.034,0,-0.063,0,0,0,-0.034,0,-0.063,0,0,0,0,0,0,0,0,0,1.000952,0.00980149,-0.7534976,286.9016,323.8141,247.4291,1.251784,0.2364536,-1.748562,318.8463,279.8841,28.07811,False,False,False,False,False,False,False,False
5.9866,1,Training,0,Shelves,Shelves,-1.905964,0.4790924,-0.370754,356.0837,269.8883,7.275914,-0.034,0,-0.063,0,0,0,-0.034,0,-0.063,0,0,0,0,0,0,0,0,0,1.000927,0.009774064,-0.7534915,286.8568,323.8319,247.3953,1.25167,0.2365066,-1.748491,319.1136,279.7578,28.11062,False,False,False,False,False,False,False,False
6.019933,1,Training,0,Shelves,Shelves,-1.906024,0.4790735,-0.3706747,356.0883,269.8869,7.273673,-0.034,0,-0.063,0,0,0,-0.034,0,-0.063,0,0,0,0,0,0,0,0,0,1.000899,0.009851557,-0.753481,286.901,323.8507,247.4117,1.251702,0.2365176,-1.74849,319.0966,279.7015,28.12204,False,False,False,False,False,False,False,False
6.053266,1,Training,0,Shelves,Shelves,-1.905956,0.4791492,-0.3706581,356.0853,269.8807,7.275809,-0.034,0,-0.063,0,0,0,-0.034,0,-0.063,0,0,0,0,0,0,0,0,0,1.000917,0.009793227,-0.7534908,286.9226,324.0867,247.1858,1.251659,0.2365286,-1.748477,319.1227,279.822,28.05215,False,False,False,False,False,False,False,False
6.086599,1,Training,0,Shelves,Shelves,-1.906063,0.4789902,-0.370706,356.0844,269.8819,7.282214,-0.034,0,-0.063,0,0,0,-0.034,0,-0.063,0,0,0,0,0,0,0,0,0,1.000947,0.009802724,-0.7535019,286.8813,323.9173,247.3253,1.251762,0.2364697,-1.748534,318.9116,279.7858,28.11185,False,False,False,False,False,False,False,False
6.119932,1,Training,0,Shelves,Shelves,-1.906029,0.4792344,-0.3708097,356.0877,269.8834,7.276195,-0.034,0,-0.063,0,0,0,-0.034,0,-0.063,0,0,0,0,0,0,0,0,0,1.000947,0.009781888,-0.7535087,286.8782,323.8777,247.3748,1.251672,0.2365326,-1.7485,319.123,279.8209,28.06306,False,False,False,False,False,False,False,False
6.153265,1,Training,0,Shelves,Shelves,-1.906092,0.4791234,-0.3709362,356.0942,269.8903,7.273955,-0.034,0,-0.063,0,0,0,-0.034,0,-0.063,0,0,0,0,0,0,0,0,0,1.000934,0.00980812,-0.7535093,286.8769,323.8281,247.4135,1.251722,0.2364975,-1.748513,318.9828,279.8467,28.06639,False,False,False,False,False,False,False,False
6.186598,1,Training,0,Shelves,Shelves,-1.906118,0.4792047,-0.3707643,356.091,269.8858,7.272054,-0.034,0,-0.063,0,0,0,-0.034,0,-0.063,0,0,0,0,0,0,0,0,0,1.000944,0.009754928,-0.7534951,286.8415,323.8832,247.3576,1.251674,0.2365249,-1.748474,319.1002,279.7854,28.06431,False,False,False,False,False,False,False,False
6.219931,1,Training,0,Shelves,Shelves,-1.906237,0.4791989,-0.3706523,356.0824,269.8844,7.276083,-0.034,0,-0.063,0,0,0,-0.034,0,-0.063,0,0,0,0,0,0,0,0,0,1.000955,0.009788631,-0.7535067,286.8676,323.8204,247.4273,1.251615,0.2366057,-1.748468,319.1932,279.9589,27.9728,False,False,False,False,False,False,False,False
6.253264,1,Training,0,Shelves,Shelves,-1.906287,0.4792755,-0.370642,356.0842,269.886,7.274678,-0.034,0,-0.063,0,0,0,-0.034,0,-0.063,0,0,0,0,0,0,0,0,0,1.000947,0.009780155,-0.7535046,286.8668,323.7722,247.4535,1.251677,0.2365211,-1.748495,319.1334,279.7541,28.10056,False,False,False,False,False,False,False,False
6.286597,1,Training,0,Shelves,Shelves,-1.90612,0.4793529,-0.3708185,356.0915,269.8862,7.276136,-0.034,0,-0.063,0,0,0,-0.034,0,-0.063,0,0,0,0,0,0,0,0,0,1.000962,0.009810113,-0.7535217,286.8698,323.9261,247.3298,1.251743,0.2364762,-1.748549,318.9469,279.8629,28.07829,False,False,False,False,False,False,False,False
6.31993,1,Training,0,Shelves,Shelves,-1.906128,0.4794331,-0.3708656,356.0886,269.8839,7.276353,-0.034,0,-0.063,0,0,0,-0.034,0,-0.063,0,0,0,0,0,0,0,0,0,1.000957,0.009766696,-0.7535119,286.883,323.8591,247.3844,1.251779,0.2364273,-1.748542,318.9236,279.6496,28.18492,False,False,False,False,False,False,False,False
6.353263,1,Training,0,Shelves,Shelves,-1.906207,0.4794016,-0.3707258,356.0852,269.878,7.27192,-0.034,0,-0.063,0,0,0,-0.034,0,-0.063,0,0,0,0,0,0,0,0,0,1.000973,0.009771431,-0.7535199,286.8842,323.9185,247.3383,1.251783,0.2364575,-1.748598,318.9103,279.924,28.0588,False,False,False,False,False,False,False,False
6.386596,1,Training,0,Shelves,Shelves,-1.906195,0.4793908,-0.3707054,356.0819,269.885,7.278483,-0.034,0,-0.063,0,0,0,-0.034,0,-0.063,0,0,0,0,0,0,0,0,0,1.000966,0.009776878,-0.7535154,286.912,323.7712,247.4872,1.25185,0.2363892,-1.748626,318.7932,279.8454,28.11861,False,False,False,False,False,False,False,False
6.419929,1,Training,0,Shelves,Shelves,-1.906217,0.4795058,-0.3706256,356.0851,269.8823,7.272498,-0.034,0,-0.063,0,0,0,-0.034,0,-0.063,0,0,0,0,0,0,0,0,0,1.000967,0.009803238,-0.7535183,286.8952,323.8136,247.4326,1.251807,0.2364463,-1.748615,318.8936,279.8792,28.08645,False,False,False,False,False,False,False,False
6.453262,1,Training,0,Shelves,Shelves,-1.906348,0.4793525,-0.3706674,356.0856,269.8815,7.278322,-0.034,0,-0.063,0,0,0,-0.034,0,-0.063,0,0,0,0,0,0,0,0,0,1.000952,0.009808095,-0.7535098,286.9076,323.8672,247.3981,1.251793,0.2364573,-1.748604,318.9545,279.8513,28.07794,False,False,False,False,False,False,False,False
6.486595,1,Training,0,Shelves,Shelves,-1.906176,0.4793754,-0.370591,356.0811,269.8813,7.271896,-0.034,0,-0.063,0,0,0,-0.034,0,-0.063,0,0,0,0,0,0,0,0,0,1.000958,0.009798498,-0.7534994,286.8953,323.8682,247.3875,1.251692,0.2365898,-1.748593,319.2073,280.0897,27.91516,False,False,False,False,False,False,False,False
6.519928,1,Training,0,Shelves,Shelves,-1.906063,0.4792582,-0.3708504,356.0756,269.8827,7.276031,-0.034,0,-0.063,0,0,0,-0.034,0,-0.063,0,0,0,0,0,0,0,0,0,1.000945,0.009799725,-0.7534938,286.9138,324.0181,247.2341,1.251658,0.2366012,-1.748607,319.3521,280.0709,27.9091,False,False,False,False,False,False,False,False
6.553261,1,Training,0,Shelves,Shelves,-1.906417,0.479308,-0.3706934,356.084,269.89,7.274012,-0.034,0,-0.063,0,0,0,-0.034,0,-0.063,0,0,0,0,0,0,0,0,0,1.000947,0.009804526,-0.7535015,286.8914,323.9617,247.2923,1.251793,0.2364496,-1.748691,319.0421,279.9058,28.08045,False,False,False,False,False,False,False,False
6.597704,1,Training,0,Shelves,Shelves,-1.906412,0.4793026,-0.3706859,356.0847,269.8881,7.274693,-0.034,0,-0.063,0,0,0,-0.034,0,-0.063,0,0,0,0,0,0,0,0,0,1.000967,0.009801653,-0.7535047,286.8845,323.9908,247.2632,1.251875,0.2363964,-1.748718,318.8789,279.8781,28.12032,False,False,False,False,False,False,False,False
6.631038,1,Training,0,Shelves,Shelves,-1.906161,0.4791864,-0.3709206,356.0805,269.8831,7.278017,-0.034,0,-0.063,0,0,0,-0.034,0,-0.063,0,0,0,0,0,0,0,0,0,1.000947,0.009825892,-0.7535062,286.9144,323.9455,247.3095,1.251905,0.2363934,-1.748712,318.7319,280.0433,28.03954,False,False,False,False,False,False,False,False
6.664371,1,Training,0,Shelves,Shelves,-1.906155,0.479138,-0.3708704,356.0782,269.8816,7.281817,-0.034,0,-0.063,0,0,0,-0.034,0,-0.063,0,0,0,0,0,0,0,0,0,1.000934,0.009807474,-0.7534965,286.8992,323.8487,247.3982,1.251912,0.2363563,-1.748678,318.6314,279.9694,28.0899,False,False,False,False,False,False,False,False
6.697703,1,Training,0,Shelves,Shelves,-1.906139,0.479275,-0.3707876,356.077,269.8847,7.27721,-0.034,0,-0.063,0,0,0,-0.034,0,-0.063,0,0,0,0,0,0,0,0,0,1.000956,0.009787356,-0.7535074,286.8872,323.8824,247.3588,1.251814,0.236474,-1.748634,318.8997,280.021,28.00376,False,False,False,False,False,False,False,False
6.731037,1,Training,0,Shelves,Shelves,-1.9062,0.4792973,-0.3707843,356.083,269.8871,7.272073,-0.034,0,-0.063,0,0,0,-0.034,0,-0.063,0,0,0,0,0,0,0,0,0,1.000951,0.009803127,-0.7535108,286.8718,323.7408,247.4937,1.251856,0.2364251,-1.748644,318.7988,279.9328,28.06874,False,False,False,False,False,False,False,False
6.764369,1,Training,0,Shelves,Shelves,-1.906246,0.4792759,-0.3706222,356.0728,269.8848,7.281744,-0.034,0,-0.063,0,0,0,-0.034,0,-0.063,0,0,0,0,0,0,0,0,0,1.000948,0.009789416,-0.7534994,286.8738,323.9344,247.3083,1.251862,0.2364551,-1.748637,318.8577,279.9085,28.04457,False,False,False,False,False,False,False,False
6.797702,1,Training,0,Shelves,Shelves,-1.906196,0.479328,-0.3705419,356.0752,269.8862,7.275744,-0.034,0,-0.063,0,0,0,-0.034,0,-0.063,0,0,0,0,0,0,0,0,0,1.000931,0.009810221,-0.753502,286.8999,323.8515,247.3879,1.251825,0.2364496,-1.748644,318.8809,280.0116,28.01111,False,False,False,False,False,False,False,False
6.831035,1,Training,0,Shelves,Shelves,-1.906297,0.4793299,-0.3706073,356.0762,269.8878,7.275453,-0.034,0,-0.063,0,0,0,-0.034,0,-0.063,0,0,0,0,0,0,0,0,0,1.000945,0.009789709,-0.7535067,286.8786,323.9199,247.3249,1.251884,0.2363939,-1.748697,318.7665,279.9497,28.09868,False,False,False,False,False,False,False,False
6.864368,1,Training,0,Shelves,Shelves,-1.906171,0.4792967,-0.370606,356.0721,269.8859,7.274805,-0.034,0,-0.063,0,0,0,-0.034,0,-0.063,0,0,0,0,0,0,0,0,0,1.000945,0.009802109,-0.753499,286.9153,324.0745,247.1926,1.251862,0.2364005,-1.748683,318.8283,279.9276,28.08953,False,False,False,False,False,False,False,False
6.897701,1,Training,0,Shelves,Shelves,-1.906112,0.4791961,-0.3706768,356.0735,269.8866,7.277888,-0.034,0,-0.063,0,0,0,-0.034,0,-0.063,0,0,0,0,0,0,0,0,0,1.000936,0.009814862,-0.7535015,286.9002,323.8787,247.3701,1.251873,0.236411,-1.748682,318.7752,280.0168,28.04644,False,False,False,False,False,False,False,False
6.931034,1,Training,0,Shelves,Shelves,-1.906277,0.4790407,-0.3706684,356.0809,269.8938,7.287015,-0.034,0,-0.063,0,0,0,-0.034,0,-0.063,0,0,0,0,0,0,0,0,0,1.000915,0.009817677,-0.7534921,286.8868,323.8974,247.3461,1.251882,0.2363773,-1.748671,318.7493,279.8807,28.12084,False,False,False,False,False,False,False,False
6.964367,1,Training,0,Shelves,Shelves,-1.906271,0.479248,-0.3704607,356.071,269.88,7.277232,-0.034,0,-0.063,0,0,0,-0.034,0,-0.063,0,0,0,0,0,0,0,0,0,1.000925,0.009803766,-0.7534767,286.8929,323.9991,247.2539,1.251873,0.2363829,-1.748664,318.7797,279.845,28.13479,False,False,False,False,False,False,False,False
7.008811,1,Training,0,Shelves,Shelves,-1.906507,0.4792325,-0.3702606,356.076,269.8971,7.276781,-0.034,0,-0.063,0,0,0,-0.034,0,-0.063,0,0,0,0,0,0,0,0,0,1.000904,0.009789942,-0.7534807,286.8884,323.9809,247.2498,1.251843,0.2364122,-1.748664,318.821,279.9481,28.08435,False,False,False,False,False,False,False,False
7.042144,1,Training,0,Shelves,Shelves,-1.906355,0.4792408,-0.3702657,356.0789,269.895,7.280124,-0.034,0,-0.063,0,0,0,-0.034,0,-0.063,0,0,0,0,0,0,0,0,0,1.000932,0.009797608,-0.7534932,286.8934,323.9567,247.2857,1.251867,0.2364104,-1.748699,318.8382,279.9721,28.06878,False,False,False,False,False,False,False,False
7.075477,1,Training,0,Shelves,Shelves,-1.906283,0.4792479,-0.370129,356.0732,269.8918,7.277153,-0.034,0,-0.063,0,0,0,-0.034,0,-0.063,0,0,0,0,0,0,0,0,0,1.000932,0.009768512,-0.7534944,286.8773,323.9433,247.2976,1.251897,0.2363452,-1.748701,318.7876,279.7696,28.18309,False,False,False,False,False,False,False,False
7.10881,1,Training,0,Shelves,Shelves,-1.906291,0.4792808,-0.3702005,356.0858,269.8917,7.286026,-0.034,0,-0.063,0,0,0,-0.034,0,-0.063,0,0,0,0,0,0,0,0,0,1.000944,0.009810507,-0.7534937,286.9047,323.9658,247.2875,1.251932,0.2363548,-1.748743,318.7562,279.893,28.12518,False,False,False,False,False,False,False,False
7.142143,1,Training,0,Shelves,Shelves,-1.906334,0.4792405,-0.3702322,356.0792,269.8905,7.2796,-0.034,0,-0.063,0,0,0,-0.034,0,-0.063,0,0,0,0,0,0,0,0,0,1.000951,0.009791273,-0.7535035,286.8841,324.0175,247.2338,1.251927,0.2363445,-1.748721,318.762,279.7923,28.17044,False,False,False,False,False,False,False,False
7.175476,1,Training,0,Shelves,Shelves,-1.906536,0.4792769,-0.3702593,356.076,269.8916,7.281027,-0.034,0,-0.063,0,0,0,-0.034,0,-0.063,0,0,0,0,0,0,0,0,0,1.000951,0.009784618,-0.7535082,286.8614,323.9033,247.319,1.25194,0.2363423,-1.748718,318.6887,279.8434,28.15701,False,False,False,False,False,False,False,False
7.208809,1,Training,0,Shelves,Shelves,-1.906582,0.4791407,-0.3700701,356.0784,269.8957,7.278598,-0.034,0,-0.063,0,0,0,-0.034,0,-0.063,0,0,0,0,0,0,0,0,0,1.000963,0.009789241,-0.7535077,286.8613,324.0117,247.2334,1.251873,0.2364039,-1.748705,318.86,279.9276,28.08358,False,False,False,False,False,False,False,False
7.242142,1,Training,0,Shelves,Shelves,-1.906605,0.4790865,-0.3700128,356.0778,269.899,7.285166,-0.034,0,-0.063,0,0,0,-0.034,0,-0.063,0,0,0,0,0,0,0,0,0,1.000949,0.009796939,-0.7535154,286.8931,323.9442,247.3102,1.251907,0.2363795,-1.748721,318.7618,279.9201,28.1059,False,False,False,False,False,False,False,False
7.275475,1,Training,0,Shelves,Shelves,-1.906659,0.479105,-0.3699929,356.0791,269.898,7.285396,-0.034,0,-0.063,0,0,0,-0.034,0,-0.063,0,0,0,0,0,0,0,0,0,1.000959,0.009792484,-0.7535043,286.8865,323.827,247.4232,1.251891,0.2363845,-1.748706,318.811,279.8483,28.1406,False,False,False,False,False,False,False,False
7.308808,1,Training,0,Shelves,Shelves,-1.906575,0.4792219,-0.369941,356.0783,269.8937,7.281774,-0.034,0,-0.063,0,0,0,-0.034,0,-0.063,0,0,0,0,0,0,0,0,0,1.000964,0.009802252,-0.7535115,286.8847,323.8478,247.3974,1.251919,0.2363776,-1.748727,318.7583,279.9102,28.11803,False,False,False,False,False,False,False,False
7.342141,1,Training,0,Shelves,Shelves,-1.906595,0.4790902,-0.3700704,356.0799,269.8977,7.281291,-0.034,0,-0.063,0,0,0,-0.034,0,-0.063,0,0,0,0,0,0,0,0,0,1.000951,0.009802311,-0.7535138,286.8824,323.7582,247.4852,1.251961,0.2363049,-1.748724,318.6604,279.7841,28.18256,False,False,False,False,False,False,False,False
7.375473,1,Training,0,Shelves,Shelves,-1.906548,0.4789116,-0.3701818,356.076,269.8951,7.289946,-0.034,0,-0.063,0,0,0,-0.034,0,-0.063,0,0,0,0,0,0,0,0,0,1.000956,0.009787213,-0.7535134,286.8614,323.7427,247.5066,1.251826,0.2364583,-1.748678,318.974,279.9537,28.04432,False,False,False,False,False,False,False,False
7.408807,1,Training,0,Shelves,Shelves,-1.906506,0.4789045,-0.3702563,356.0791,269.8975,7.28636,-0.034,0,-0.063,0,0,0,-0.034,0,-0.063,0,0,0,0,0,0,0,0,0,1.00097,0.009787114,-0.7535076,286.8896,323.7757,247.468,1.251971,0.2362927,-1.748717,318.6207,279.7141,28.233,False,False,False,False,False,False,False,False
7.431029,1,Training,0,Shelves,Shelves,-1.906467,0.4789252,-0.3701924,356.0817,269.8954,7.284218,-0.034,0,-0.063,0,0,0,-0.034,0,-0.063,0,0,0,0,0,0,0,0,0,1.000965,0.009791565,-0.7535194,286.8856,323.8185,247.4202,1.251925,0.2363549,-1.748726,318.7657,279.8013,28.17611,False,False,False,False,False,False,False,False
7.464362,1,Training,0,Shelves,Shelves,-1.906467,0.4787772,-0.3702106,356.0868,269.8948,7.290039,-0.034,0,-0.063,0,0,0,-0.034,0,-0.063,0,0,0,0,0,0,0,0,0,1.000961,0.009803701,-0.7535166,286.8849,323.762,247.4915,1.251741,0.236574,-1.748673,319.2515,280.0429,27.9563,False,False,False,False,False,False,False,False
7.508806,1,Training,0,Shelves,Shelves,-1.906388,0.4787139,-0.3702372,356.081,269.8983,7.285431,-0.034,0,-0.063,0,0,0,-0.034,0,-0.063,0,0,0,0,0,0,0,0,0,1.000952,0.00978618,-0.7535083,286.8819,323.8329,247.4066,1.251914,0.2363777,-1.748738,318.8075,279.8877,28.1253,False,False,False,False,False,False,False,False
7.542139,1,Training,0,Shelves,Shelves,-1.906217,0.4787053,-0.3703669,356.0786,269.8932,7.281646,-0.034,0,-0.063,0,0,0,-0.034,0,-0.063,0,0,0,0,0,0,0,0,0,1.000945,0.009790965,-0.753504,286.8728,323.9267,247.318,1.251983,0.2362922,-1.74876,318.6094,279.8715,28.16304,False,False,False,False,False,False,False,False
7.575471,1,Training,0,Shelves,Shelves,-1.906242,0.4786758,-0.3703225,356.0834,269.8846,7.290704,-0.034,0,-0.063,0,0,0,-0.034,0,-0.063,0,0,0,0,0,0,0,0,0,1.000946,0.009795615,-0.7535124,286.8859,323.8926,247.3553,1.251959,0.2363151,-1.748742,318.6389,279.8942,28.14505,False,False,False,False,False,False,False,False
7.608805,1,Training,0,Shelves,Shelves,-1.90629,0.4786886,-0.3703966,356.0753,269.8935,7.284005,-0.034,0,-0.063,0,0,0,-0.034,0,-0.063,0,0,0,0,0,0,0,0,0,1.000955,0.00979525,-0.753517,286.8746,323.7254,247.5041,1.25192,0.236354,-1.748737,318.7413,279.9612,28.09134,False,False,False,False,False,False,False,False
7.642138,1,Training,0,Shelves,Shelves,-1.906354,0.4785774,-0.3704092,356.0818,269.8906,7.291854,-0.034,0,-0.063,0,0,0,-0.034,0,-0.063,0,0,0,0,0,0,0,0,0,1.000959,0.009822751,-0.7535126,286.9044,323.7204,247.5206,1.251977,0.2362932,-1.748735,318.5967,279.8069,28.1926,False,False,False,False,False,False,False,False
7.67547,1,Training,0,Shelves,Shelves,-1.906409,0.4784803,-0.3703618,356.086,269.8915,7.288661,-0.034,0,-0.063,0,0,0,-0.034,0,-0.063,0,0,0,0,0,0,0,0,0,1.000945,0.009773535,-0.7535018,286.8626,323.8632,247.3737,1.251947,0.2363033,-1.748725,318.6718,279.7993,28.18272,False,False,False,False,False,False,False,False
7.708803,1,Training,0,Shelves,Shelves,-1.906294,0.4784926,-0.3704281,356.0765,269.8944,7.288494,-0.034,0,-0.063,0,0,0,-0.034,0,-0.063,0,0,0,0,0,0,0,0,0,1.000956,0.009812213,-0.7535033,286.9161,323.7309,247.5361,1.251902,0.2363577,-1.74871,318.7072,279.9736,28.09487,False,False,False,False,False,False,False,False
7.742136,1,Training,0,Shelves,Shelves,-1.906257,0.4784963,-0.3704323,356.0855,269.8897,7.284847,-0.034,0,-0.063,0,0,0,-0.034,0,-0.063,0,0,0,0,0,0,0,0,0,1.000961,0.009778388,-0.753497,286.8943,323.799,247.4436,1.251921,0.2363551,-1.748699,318.6615,279.9527,28.09852,False,False,False,False,False,False,False,False
7.775469,1,Training,0,Shelves,Shelves,-1.90629,0.478507,-0.3703184,356.0867,269.8917,7.283109,-0.034,0,-0.063,0,0,0,-0.034,0,-0.063,0,0,0,0,0,0,0,0,0,1.00094,0.009816056,-0.7534891,286.9019,323.7888,247.4609,1.251844,0.2364106,-1.748657,318.8546,279.8548,28.11957,False,False,False,False,False,False,False,False
7.808802,1,Training,0,Shelves,Shelves,-1.906469,0.4785086,-0.3702606,356.0893,269.8914,7.28682,-0.034,0,-0.063,0,0,0,-0.034,0,-0.063,0,0,0,0,0,0,0,0,0,1.00095,0.009790812,-0.7534975,286.8788,323.9138,247.3256,1.251933,0.2363298,-1.748705,318.6162,279.9313,28.12385,False,False,False,False,False,False,False,False
7.842135,1,Training,0,Shelves,Shelves,-1.906512,0.4784531,-0.3701543,356.0811,269.8896,7.289008,-0.034,0,-0.063,0,0,0,-0.034,0,-0.063,0,0,0,0,0,0,0,0,0,1.000942,0.009776137,-0.7535093,286.8672,323.8313,247.4125,1.251914,0.2363221,-1.748668,318.6361,279.7885,28.19158,False,False,False,False,False,False,False,False
7.875468,1,Training,0,Shelves,Shelves,-1.906616,0.4784217,-0.3701688,356.0877,269.8915,7.289879,-0.034,0,-0.063,0,0,0,-0.034,0,-0.063,0,0,0,0,0,0,0,0,0,1.000945,0.009789,-0.7535019,286.8862,323.9023,247.3456,1.251943,0.2363205,-1.748695,318.5939,279.8441,28.17258,False,False,False,False,False,False,False,False
7.908801,1,Training,0,Shelves,Shelves,-1.906621,0.4784304,-0.3702105,356.0807,269.8928,7.290926,-0.034,0,-0.063,0,0,0,-0.034,0,-0.063,0,0,0,0,0,0,0,0,0,1.000947,0.009763424,-0.753493,286.8615,323.8659,247.3654,1.251858,0.2363905,-1.748662,318.7708,279.8984,28.12099,False,False,False,False,False,False,False,False
7.931023,1,Training,0,Shelves,Shelves,-1.906571,0.478387,-0.3703232,356.0937,269.8954,7.290818,-0.034,0,-0.063,0,0,0,-0.034,0,-0.063,0,0,0,0,0,0,0,0,0,1.000951,0.009781606,-0.7534991,286.8651,323.9091,247.3167,1.251817,0.2364638,-1.748636,318.9358,279.895,28.07032,False,False,False,False,False,False,False,False
7.975467,1,Training,0,Shelves,Shelves,-1.906786,0.4785309,-0.370358,356.0979,269.9021,7.286055,-0.034,0,-0.063,0,0,0,-0.034,0,-0.063,0,0,0,0,0,0,0,0,0,1.00093,0.009788165,-0.7534913,286.8726,323.9794,247.2597,1.251844,0.2364102,-1.748671,318.8114,279.9789,28.07363,False,False,False,False,False,False,False,False
8.019911,1,Training,0,Shelves,Shelves,-1.906813,0.4784357,-0.3703702,356.0869,269.8999,7.289879,-0.034,0,-0.063,0,0,0,-0.034,0,-0.063,0,0,0,0,0,0,0,0,0,1.000925,0.009773395,-0.7534814,286.868,323.8298,247.3886,1.251844,0.2364104,-1.748662,318.8701,279.8487,28.12143,False,False,False,False,False,False,False,False
8.086576,1,Training,0,Shelves,Shelves,-1.906973,0.4784768,-0.3702732,356.088,269.8968,7.291436,-0.034,0,-0.063,0,0,0,-0.034,0,-0.063,0,0,0,0,0,0,0,0,0,1.000932,0.00977816,-0.7534911,286.8692,323.916,247.3135,1.25187,0.2364058,-1.748667,318.8123,279.856,28.12272,False,False,False,False,False,False,False,False
8.153243,1,Training,0,Shelves,Shelves,-1.906837,0.4784627,-0.3703606,356.0869,269.8992,7.290557,-0.034,0,-0.063,0,0,0,-0.034,0,-0.063,0,0,0,0,0,0,0,0,0,1.000931,0.009779319,-0.7534906,286.8745,324.0378,247.2036,1.251788,0.236497,-1.74861,319.0081,279.8951,28.04206,False,False,False,False,False,False,False,False
8.23102,1,Training,0,Shelves,Shelves,-1.906832,0.4783903,-0.3704191,356.0866,269.8958,7.295501,-0.034,0,-0.063,0,0,0,-0.034,0,-0.063,0,0,0,0,0,0,0,0,0,1.00093,0.00980894,-0.7534891,286.916,324.0543,247.2151,1.251833,0.2364619,-1.748584,318.7787,279.9696,28.02203,False,False,False,False,False,False,False,False
8.264353,1,Training,0,Shelves,Shelves,-1.906851,0.4787032,-0.3705033,356.0898,269.8955,7.284514,-0.034,0,-0.063,0,0,0,-0.034,0,-0.063,0,0,0,0,0,0,0,0,0,1.000941,0.009767011,-0.7534923,286.8623,323.9502,247.2905,1.25177,0.2365084,-1.748526,318.8918,279.9323,28.00775,False,False,False,False,False,False,False,False
8.297686,1,Training,0,Shelves,Shelves,-1.906796,0.4785708,-0.370679,356.0811,269.8941,7.289384,-0.034,0,-0.063,0,0,0,-0.034,0,-0.063,0,0,0,0,0,0,0,0,0,1.000935,0.009793082,-0.7534971,286.8952,323.879,247.3657,1.251807,0.2364538,-1.748573,318.8332,279.8711,28.07882,False,False,False,False,False,False,False,False
8.331018,1,Training,0,Shelves,Shelves,-1.906631,0.4785937,-0.3707846,356.0921,269.9019,7.290697,-0.034,0,-0.063,0,0,0,-0.034,0,-0.063,0,0,0,0,0,0,0,0,0,1.000931,0.009800905,-0.7535071,286.8803,323.8918,247.3487,1.251809,0.2364452,-1.748608,318.856,279.9045,28.08068,False,False,False,False,False,False,False,False
8.353241,1,Training,0,Shelves,Shelves,-1.906643,0.478669,-0.3707093,356.084,269.8943,7.291311,-0.034,0,-0.063,0,0,0,-0.034,0,-0.063,0,0,0,0,0,0,0,0,0,1.000945,0.00978673,-0.7535071,286.8883,323.992,247.2539,1.251904,0.2363592,-1.748693,318.7281,279.8762,28.12948,False,False,False,False,False,False,False,False
8.397685,1,Training,0,Shelves,Shelves,-1.906724,0.4786184,-0.3707156,356.0826,269.8906,7.295021,-0.034,0,-0.063,0,0,0,-0.034,0,-0.063,0,0,0,0,0,0,0,0,0,1.00094,0.009809631,-0.753509,286.8752,323.8923,247.3477,1.251838,0.2364534,-1.748688,318.9754,279.9098,28.06947,False,False,False,False,False,False,False,False
8.431018,1,Training,0,Shelves,Shelves,-1.906678,0.4786312,-0.3707391,356.0805,269.8925,7.288156,-0.034,0,-0.063,0,0,0,-0.034,0,-0.063,0,0,0,0,0,0,0,0,0,1.000939,0.009795351,-0.7535039,286.895,323.8838,247.3669,1.251949,0.2363247,-1.748726,318.7733,279.6291,28.2521,False,False,False,False,False,False,False,False
8.464351,1,Training,0,Shelves,Shelves,-1.906973,0.4786171,-0.3706581,356.0895,269.902,7.291932,-0.034,0,-0.063,0,0,0,-0.034,0,-0.063,0,0,0,0,0,0,0,0,0,1.000949,0.009794542,-0.7535086,286.8881,323.8546,247.3925,1.251834,0.2364677,-1.748696,319.0251,279.8768,28.08385,False,False,False,False,False,False,False,False
8.497684,1,Training,0,Shelves,Shelves,-1.90702,0.4787118,-0.3706671,356.0883,269.9045,7.282853,-0.034,0,-0.063,0,0,0,-0.034,0,-0.063,0,0,0,0,0,0,0,0,0,1.000948,0.00977922,-0.7535062,286.8749,323.9312,247.3043,1.251906,0.2363843,-1.748722,318.8108,279.8833,28.11872,False,False,False,False,False,False,False,False
8.519905,1,Training,0,Shelves,Shelves,-1.907655,0.4786619,-0.3711073,356.0935,269.9103,7.294879,-0.034,0,-0.063,0,0,0,-0.034,0,-0.063,0,0,0,0,0,0,0,0,0,1.000944,0.009790245,-0.7535107,286.8717,323.825,247.4047,1.251875,0.2364158,-1.748695,318.8289,280.0244,28.02021,False,False,False,False,False,False,False,False
8.564349,1,Training,0,Shelves,Shelves,-1.907601,0.4786689,-0.3710703,356.0816,269.9033,7.297938,-0.034,0,-0.063,0,0,0,-0.034,0,-0.063,0,0,0,0,0,0,0,0,0,1.000955,0.009809546,-0.7535076,286.912,323.8065,247.441,1.251958,0.2363342,-1.748727,318.6432,279.8761,28.14507,False,False,False,False,False,False,False,False
8.597682,1,Training,0,Shelves,Shelves,-1.907453,0.4787215,-0.371134,356.0833,269.908,7.291264,-0.034,0,-0.063,0,0,0,-0.034,0,-0.063,0,0,0,0,0,0,0,0,0,1.000962,0.009776295,-0.7535052,286.8775,323.8864,247.3481,1.251926,0.2363496,-1.748712,318.7672,279.7784,28.16937,False,False,False,False,False,False,False,False
8.631016,1,Training,0,Shelves,Shelves,-1.907547,0.4786305,-0.3711027,356.0821,269.9049,7.290604,-0.034,0,-0.063,0,0,0,-0.034,0,-0.063,0,0,0,0,0,0,0,0,0,1.00096,0.009795847,-0.7535189,286.8966,323.7785,247.4788,1.251957,0.2363246,-1.748727,318.6276,279.8827,28.14795,False,False,False,False,False,False,False,False
8.664349,1,Training,0,Shelves,Shelves,-1.907571,0.4786463,-0.3709848,356.0846,269.9029,7.297033,-0.034,0,-0.063,0,0,0,-0.034,0,-0.063,0,0,0,0,0,0,0,0,0,1.00096,0.009771246,-0.7535059,286.8848,323.9416,247.3127,1.251877,0.2363863,-1.748643,318.7679,279.7924,28.14809,False,False,False,False,False,False,False,False
8.697681,1,Training,0,Shelves,Shelves,-1.90746,0.4788198,-0.3710285,356.0787,269.9106,7.286161,-0.034,0,-0.063,0,0,0,-0.034,0,-0.063,0,0,0,0,0,0,0,0,0,1.000961,0.009805856,-0.753507,286.8805,323.8176,247.428,1.251852,0.2364396,-1.748599,318.8376,279.8132,28.08512,False,False,False,False,False,False,False,False
8.719903,1,Training,0,Shelves,Shelves,-1.907471,0.478755,-0.3711192,356.0871,269.9074,7.292146,-0.034,0,-0.063,0,0,0,-0.034,0,-0.063,0,0,0,0,0,0,0,0,0,1.000966,0.00979181,-0.7535067,286.8898,323.9405,247.3151,1.251786,0.2364849,-1.748604,318.9491,279.9548,28.02584,False,False,False,False,False,False,False,False
8.753236,1,Training,0,Shelves,Shelves,-1.907424,0.478761,-0.3711323,356.0701,269.9009,7.289228,-0.034,0,-0.063,0,0,0,-0.034,0,-0.063,0,0,0,0,0,0,0,0,0,1.000957,0.009769993,-0.7535088,286.8793,323.8174,247.4149,1.251835,0.2364265,-1.748632,318.8283,279.917,28.07763,False,False,False,False,False,False,False,False
8.79768,1,Training,0,Shelves,Shelves,-1.907438,0.4787617,-0.3711713,356.0817,269.9018,7.284455,-0.034,0,-0.063,0,0,0,-0.034,0,-0.063,0,0,0,0,0,0,0,0,0,1.000939,0.009806859,-0.753491,286.9045,323.9343,247.3251,1.251855,0.2364063,-1.748671,318.8451,279.8724,28.11622,False,False,False,False,False,False,False,False
8.831013,1,Training,0,Shelves,Shelves,-1.907322,0.4787452,-0.3712585,356.0825,269.9021,7.292632,-0.034,0,-0.063,0,0,0,-0.034,0,-0.063,0,0,0,0,0,0,0,0,0,1.000953,0.00979385,-0.753502,286.9077,323.7171,247.5296,1.251861,0.2364265,-1.748668,318.8594,279.8904,28.08846,False,False,False,False,False,False,False,False
8.864347,1,Training,0,Shelves,Shelves,-1.907401,0.478807,-0.3711534,356.0856,269.9101,7.290798,-0.034,0,-0.063,0,0,0,-0.034,0,-0.063,0,0,0,0,0,0,0,0,0,1.000933,0.009790666,-0.7534849,286.8846,323.9972,247.2401,1.251815,0.2364706,-1.748658,318.9387,280.02,28.01017,False,False,False,False,False,False,False,False
8.897679,1,Training,0,Shelves,Shelves,-1.907392,0.4787851,-0.3712806,356.0803,269.9089,7.292387,-0.034,0,-0.063,0,0,0,-0.034,0,-0.063,0,0,0,0,0,0,0,0,0,1.000926,0.009817122,-0.7534849,286.9285,323.8545,247.4127,1.251865,0.2364018,-1.748639,318.7442,279.8913,28.10832,False,False,False,False,False,False,False,False
8.931012,1,Training,0,Shelves,Shelves,-1.907299,0.4788271,-0.3713759,356.0901,269.9125,7.292265,-0.034,0,-0.063,0,0,0,-0.034,0,-0.063,0,0,0,0,0,0,0,0,0,1.000935,0.009769644,-0.7534841,286.8715,323.919,247.3168,1.251809,0.2364485,-1.748569,318.8356,279.808,28.11395,False,False,False,False,False,False,False,False
8.964345,1,Training,0,Shelves,Shelves,-1.907198,0.4788334,-0.3714208,356.0843,269.9089,7.289124,-0.034,0,-0.063,0,0,0,-0.034,0,-0.063,0,0,0,0,0,0,0,0,0,1.00094,0.009823576,-0.7535004,286.9022,323.846,247.4071,1.251751,0.2365357,-1.748544,318.9243,280.0404,27.96718,False,False,False,False,False,False,False,False
8.997678,1,Training,0,Shelves,Shelves,-1.907145,0.4788333,-0.3715227,356.0814,269.903,7.291254,-0.034,0,-0.063,0,0,0,-0.034,0,-0.063,0,0,0,0,0,0,0,0,0,1.00091,0.009846552,-0.7534914,286.7795,324.1272,247.117,1.251788,0.2364435,-1.748556,318.8759,279.7618,28.13167,False,False,False,False,False,False,False,False
9.031011,1,Training,0,Shelves,Shelves,-1.906999,0.4788945,-0.3713859,356.0735,269.9027,7.287675,-0.034,0,-0.063,0,0,0,-0.034,0,-0.063,0,0,0,0,0,0,0,0,0,1.000915,0.009800279,-0.7534865,286.8835,323.9334,247.3074,1.251716,0.2365549,-1.748548,319.0897,279.952,27.98812,False,False,False,False,False,False,False,False
9.064343,1,Training,0,Shelves,Shelves,-1.907153,0.4789852,-0.3712472,356.0829,269.9041,7.281871,-0.034,0,-0.063,0,0,0,-0.034,0,-0.063,0,0,0,0,0,0,0,0,0,1.000916,0.009796076,-0.7534828,286.9032,323.9484,247.3001,1.251757,0.2364868,-1.748556,318.9474,279.8818,28.05729,False,False,False,False,False,False,False,False
9.097677,1,Training,0,Shelves,Shelves,-1.907054,0.4790011,-0.3713719,356.0747,269.9001,7.283281,-0.034,0,-0.063,0,0,0,-0.034,0,-0.063,0,0,0,0,0,0,0,0,0,1.000932,0.009795669,-0.753491,286.8791,323.9028,247.3249,1.251774,0.2364859,-1.748575,318.903,279.9846,28.01083,False,False,False,False,False,False,False,False
9.13101,1,Training,0,Shelves,Shelves,-1.907042,0.4790393,-0.3712487,356.0804,269.9007,7.291707,-0.034,0,-0.063,0,0,0,-0.034,0,-0.063,0,0,0,0,0,0,0,0,0,1.000926,0.009813611,-0.7534969,286.9148,323.93,247.3307,1.25178,0.2364766,-1.748592,318.9087,279.9622,28.03461,False,False,False,False,False,False,False,False
9.164343,1,Training,0,Shelves,Shelves,-1.90688,0.4790093,-0.3712806,356.0747,269.8986,7.285882,-0.034,0,-0.063,0,0,0,-0.034,0,-0.063,0,0,0,0,0,0,0,0,0,1.000909,0.009807282,-0.7534823,286.9125,323.9545,247.2981,1.251774,0.2364644,-1.74858,318.9161,279.8995,28.06465,False,False,False,False,False,False,False,False
9.186564,1,Training,0,Shelves,Shelves,-1.906883,0.4791674,-0.3712902,356.0816,269.8974,7.280747,-0.034,0,-0.063,0,0,0,-0.034,0,-0.063,0,0,0,0,0,0,0,0,0,1.00092,0.009793161,-0.7534945,286.8772,323.8631,247.3618,1.25189,0.2363648,-1.748633,318.6816,279.8045,28.15445,False,False,False,False,False,False,False,False
9.231009,1,Training,0,Shelves,Shelves,-1.906777,0.4791643,-0.3713369,356.0772,269.8983,7.283239,-0.034,0,-0.063,0,0,0,-0.034,0,-0.063,0,0,0,0,0,0,0,0,0,1.000913,0.009814252,-0.7534926,286.9048,323.984,247.261,1.251835,0.2364219,-1.748637,318.8052,279.9526,28.06899,False,False,False,False,False,False,False,False
9.275453,1,Training,0,Shelves,Shelves,-1.906911,0.4791666,-0.3713129,356.0769,269.8951,7.284364,-0.034,0,-0.063,0,0,0,-0.034,0,-0.063,0,0,0,0,0,0,0,0,0,1.00093,0.009798764,-0.7534883,286.8959,324.0208,247.2318,1.251825,0.2364457,-1.748618,318.8534,279.9144,28.06465,False,False,False,False,False,False,False,False
9.308785,1,Training,0,Shelves,Shelves,-1.907018,0.4792296,-0.371325,356.0789,269.8995,7.28114,-0.034,0,-0.063,0,0,0,-0.034,0,-0.063,0,0,0,0,0,0,0,0,0,1.000943,0.009803796,-0.7534854,286.9097,323.9167,247.3357,1.251836,0.236458,-1.748628,318.8682,279.9667,28.01888,False,False,False,False,False,False,False,False
9.342118,1,Training,0,Shelves,Shelves,-1.9069,0.4793014,-0.3714274,356.0776,269.8938,7.278968,-0.034,0,-0.063,0,0,0,-0.034,0,-0.063,0,0,0,0,0,0,0,0,0,1.000939,0.009788678,-0.7534973,286.8826,323.8339,247.4001,1.25187,0.2363901,-1.748658,318.7658,279.8907,28.10746,False,False,False,False,False,False,False,False
9.364341,1,Training,0,Shelves,Shelves,-1.906719,0.4794378,-0.3714482,356.0826,269.891,7.276098,-0.034,0,-0.063,0,0,0,-0.034,0,-0.063,0,0,0,0,0,0,0,0,0,1.000945,0.009820373,-0.7535022,286.9216,323.944,247.3247,1.251881,0.2364133,-1.748675,318.7549,280.0248,28.03214,False,False,False,False,False,False,False,False
9.408785,1,Training,0,Shelves,Shelves,-1.906695,0.4794338,-0.3713895,356.086,269.8964,7.286683,-0.034,0,-0.063,0,0,0,-0.034,0,-0.063,0,0,0,0,0,0,0,0,0,1.000933,0.009802619,-0.7534959,286.8984,324.0659,247.1868,1.251828,0.2364587,-1.748646,318.845,280.0798,27.98523,False,False,False,False,False,False,False,False
9.442118,1,Training,0,Shelves,Shelves,-1.906618,0.4794632,-0.3714533,356.0794,269.8998,7.275614,-0.034,0,-0.063,0,0,0,-0.034,0,-0.063,0,0,0,0,0,0,0,0,0,1.000949,0.009801413,-0.7535067,286.8699,323.8284,247.4129,1.251846,0.2364203,-1.748642,318.7921,279.9297,28.08651,False,False,False,False,False,False,False,False
9.475451,1,Training,0,Shelves,Shelves,-1.906778,0.4794362,-0.3714144,356.0735,269.8919,7.279972,-0.034,0,-0.063,0,0,0,-0.034,0,-0.063,0,0,0,0,0,0,0,0,0,1.000958,0.009829252,-0.7534947,286.9268,323.8773,247.398,1.251819,0.2364478,-1.748621,318.8547,280.0076,28.00782,False,False,False,False,False,False,False,False
9.508783,1,Training,0,Shelves,Shelves,-1.9068,0.4794344,-0.3712705,356.0722,269.8962,7.280786,-0.034,0,-0.063,0,0,0,-0.034,0,-0.063,0,0,0,0,0,0,0,0,0,1.000965,0.009811474,-0.7535162,286.8789,323.7766,247.4755,1.251844,0.2364254,-1.748642,318.81,279.9338,28.07661,False,False,False,False,False,False,False,False
9.542116,1,Training,0,Shelves,Shelves,-1.906627,0.4796461,-0.3713326,356.0677,269.8876,7.276928,-0.034,0,-0.063,0,0,0,-0.034,0,-0.063,0,0,0,0,0,0,0,0,0,1.00097,0.009792166,-0.7535107,286.868,323.8455,247.4075,1.251831,0.2364396,-1.748655,318.8678,280.0229,28.01439,False,False,False,False,False,False,False,False
9.575449,1,Training,0,Shelves,Shelves,-1.906482,0.4797379,-0.371648,356.0739,269.887,7.277396,-0.034,0,-0.063,0,0,0,-0.034,0,-0.063,0,0,0,0,0,0,0,0,0,1.000967,0.009807173,-0.7535192,286.8856,323.7924,247.4669,1.251855,0.2364142,-1.748686,318.823,279.9964,28.05996,False,False,False,False,False,False,False,False
9.608782,1,Training,0,Shelves,Shelves,-1.905026,0.4804516,-0.3716103,356.0724,269.8867,7.275344,-0.034,0,-0.063,0,0,0,-0.034,0,-0.063,0,0,0,0,0,0,0,0,0,1.000965,0.009800687,-0.7535039,286.8982,323.8191,247.4394,1.252003,0.2362455,-1.748737,318.4536,279.8089,28.23173,False,False,False,False,False,False,False,False
9.642116,1,Training,0,Shelves,Shelves,-1.90498,0.4803758,-0.3716172,356.0708,269.8967,7.276238,-0.034,0,-0.063,0,0,0,-0.034,0,-0.063,0,0,0,0,0,0,0,0,0,1.000971,0.009822008,-0.7535038,286.887,323.9373,247.3173,1.251896,0.2363929,-1.748721,318.752,280.1072,28.00445,False,False,False,False,False,False,False,False
9.686559,1,Training,0,Shelves,Shelves,-1.904946,0.4803715,-0.3714985,356.0744,269.8876,7.278907,-0.034,0,-0.063,0,0,0,-0.034,0,-0.063,0,0,0,0,0,0,0,0,0,1.000962,0.009780345,-0.7534945,286.8714,323.9357,247.3183,1.251893,0.2363656,-1.748709,318.7644,279.9276,28.10688,False,False,False,False,False,False,False,False
9.719893,1,Training,0,Shelves,Shelves,-1.905067,0.480342,-0.3712982,356.0692,269.8913,7.279454,-0.034,0,-0.063,0,0,0,-0.034,0,-0.063,0,0,0,0,0,0,0,0,0,1.000964,0.009805771,-0.7535167,286.8696,323.6954,247.5583,1.251843,0.2364375,-1.748684,318.8843,280.0153,28.02945,False,False,False,False,False,False,False,False
9.753225,1,Training,0,Shelves,Shelves,-1.904933,0.4804385,-0.3711736,356.0709,269.896,7.271505,-0.034,0,-0.063,0,0,0,-0.034,0,-0.063,0,0,0,0,0,0,0,0,0,1.000962,0.009783242,-0.7535086,286.871,324.0183,247.2422,1.251888,0.2363908,-1.748687,318.7389,279.9435,28.09946,False,False,False,False,False,False,False,False
9.786558,1,Training,0,Shelves,Shelves,-1.90506,0.4804086,-0.3710528,356.0746,269.9025,7.271992,-0.034,0,-0.063,0,0,0,-0.034,0,-0.063,0,0,0,0,0,0,0,0,0,1.000965,0.009806605,-0.7535086,286.8924,323.9907,247.2761,1.251833,0.2364703,-1.748688,318.9349,280.0878,27.9757,False,False,False,False,False,False,False,False
9.819891,1,Training,0,Shelves,Shelves,-1.90498,0.4805367,-0.3708528,356.0728,269.8914,7.268163,-0.034,0,-0.063,0,0,0,-0.034,0,-0.063,0,0,0,0,0,0,0,0,0,1.000955,0.009789131,-0.753504,286.8728,323.8167,247.4251,1.25184,0.2364547,-1.748663,318.8833,280.0126,28.01582,False,False,False,False,False,False,False,False
9.853224,1,Training,0,Shelves,Shelves,-1.905005,0.4804646,-0.3708296,356.0816,269.8916,7.266159,-0.034,0,-0.063,0,0,0,-0.034,0,-0.063,0,0,0,0,0,0,0,0,0,1.000958,0.009772064,-0.7535039,286.877,323.9594,247.2853,1.251852,0.2364401,-1.748673,318.8589,280.0018,28.02937,False,False,False,False,False,False,False,False
9.886557,1,Training,0,Shelves,Shelves,-1.905047,0.4805734,-0.3705724,356.0755,269.8986,7.269852,-0.034,0,-0.063,0,0,0,-0.034,0,-0.063,0,0,0,0,0,0,0,0,0,1.000957,0.009829021,-0.7535037,286.9056,323.9744,247.2859,1.251815,0.2364759,-1.748667,318.9683,279.9796,28.03547,False,False,False,False,False,False,False,False
9.919889,1,Training,0,Shelves,Shelves,-1.905109,0.4805649,-0.3703508,356.0763,269.8965,7.267879,-0.034,0,-0.063,0,0,0,-0.034,0,-0.063,0,0,0,0,0,0,0,0,0,1.000961,0.009792919,-0.7534957,286.9019,323.8633,247.3872,1.251774,0.236513,-1.748632,319.0272,280.0446,27.97467,False,False,False,False,False,False,False,False
9.953223,1,Training,0,Shelves,Shelves,-1.905151,0.4806709,-0.370149,356.0733,269.8934,7.267487,-0.034,0,-0.063,0,0,0,-0.034,0,-0.063,0,0,0,0,0,0,0,0,0,1.000944,0.009790255,-0.7534927,286.8913,323.9274,247.3215,1.251811,0.2364508,-1.748626,318.9176,279.8479,28.10655,False,False,False,False,False,False,False,False
9.986556,1,Training,0,Shelves,Shelves,-1.905012,0.4806659,-0.370176,356.0766,269.8903,7.268341,-0.034,0,-0.063,0,0,0,-0.034,0,-0.063,0,0,0,0,0,0,0,0,0,1.000946,0.009810498,-0.7535003,286.8414,323.9138,247.3276,1.251767,0.2365079,-1.748634,319.0172,280.071,27.97017,False,False,False,False,False,False,False,False
10.01989,1,Training,0,Shelves,Shelves,-1.904906,0.480711,-0.3700574,356.0739,269.9014,7.267934,-0.034,0,-0.063,0,0,0,-0.034,0,-0.063,0,0,0,0,0,0,0,0,0,1.000942,0.009773682,-0.7534903,286.8877,323.8239,247.4216,1.251798,0.2364541,-1.748619,318.9893,279.7789,28.12158,False,False,False,False,False,False,False,False
10.05322,1,Training,0,Shelves,Shelves,-1.904956,0.4804012,-0.3700349,356.0779,269.8953,7.274731,-0.034,0,-0.063,0,0,0,-0.034,0,-0.063,0,0,0,0,0,0,0,0,0,1.000944,0.009808944,-0.7534862,286.8762,323.9215,247.3254,1.251815,0.2364694,-1.74864,318.8701,280.0627,27.99798,False,False,False,False,False,False,False,False
10.08655,1,Training,0,Shelves,Shelves,-1.904912,0.4803932,-0.3699616,356.0699,269.9014,7.276151,-0.034,0,-0.063,0,0,0,-0.034,0,-0.063,0,0,0,0,0,0,0,0,0,1.000938,0.009784864,-0.7534779,286.8949,323.9248,247.3188,1.251853,0.2364447,-1.74865,318.8148,279.9964,28.03124,False,False,False,False,False,False,False,False
10.11989,1,Training,0,Shelves,Shelves,-1.905024,0.4805207,-0.3697858,356.0745,269.8993,7.270136,-0.034,0,-0.063,0,0,0,-0.034,0,-0.063,0,0,0,0,0,0,0,0,0,1.000935,0.009806995,-0.753485,286.8963,323.9591,247.2841,1.251809,0.236482,-1.748621,318.9235,280.0021,27.99641,False,False,False,False,False,False,False,False
10.14211,1,Training,0,Shelves,Shelves,-1.905009,0.4803898,-0.3696381,356.0681,269.8948,7.27094,-0.034,0,-0.063,0,0,0,-0.034,0,-0.063,0,0,0,0,0,0,0,0,0,1.000925,0.009797945,-0.7534761,286.9098,323.9568,247.3058,1.251879,0.2364096,-1.748657,318.7906,279.8947,28.08088,False,False,False,False,False,False,False,False
10.18655,1,Training,0,Shelves,Shelves,-1.905365,0.4805222,-0.3698707,356.0674,269.9092,7.27628,-0.034,0,-0.063,0,0,0,-0.034,0,-0.063,0,0,0,0,0,0,0,0,0,1.000928,0.009781658,-0.7534828,286.8666,323.8742,247.3513,1.25183,0.2364455,-1.748625,318.849,279.9508,28.04438,False,False,False,False,False,False,False,False
10.21989,1,Training,0,Shelves,Shelves,-1.905355,0.480551,-0.3697331,356.063,269.9003,7.27167,-0.034,0,-0.063,0,0,0,-0.034,0,-0.063,0,0,0,0,0,0,0,0,0,1.000929,0.009792903,-0.7534928,286.8906,323.8849,247.3515,1.251895,0.2363838,-1.748682,318.7405,279.9055,28.10757,False,False,False,False,False,False,False,False
10.24211,1,Training,0,Shelves,Shelves,-1.90542,0.4805746,-0.3696571,356.0796,269.9045,7.274017,-0.034,0,-0.063,0,0,0,-0.034,0,-0.063,0,0,0,0,0,0,0,0,0,1.000921,0.009801282,-0.7534729,286.9134,323.977,247.2756,1.251771,0.2364859,-1.748599,318.9725,279.9524,28.02646,False,False,False,False,False,False,False,False
10.28655,1,Training,0,Shelves,Shelves,-1.905331,0.4805728,-0.3694986,356.069,269.9033,7.269516,-0.034,0,-0.063,0,0,0,-0.034,0,-0.063,0,0,0,0,0,0,0,0,0,1.000948,0.009781028,-0.7534916,286.8907,323.8033,247.4288,1.251768,0.2364692,-1.748589,318.9428,279.9269,28.04978,False,False,False,False,False,False,False,False
10.31989,1,Training,0,Shelves,Shelves,-1.905266,0.4805652,-0.369422,356.0705,269.9125,7.265175,-0.034,0,-0.063,0,0,0,-0.034,0,-0.063,0,0,0,0,0,0,0,0,0,1.00092,0.0098114,-0.7534929,286.8814,323.8736,247.352,1.251815,0.2364471,-1.748616,318.8985,279.8451,28.1,False,False,False,False,False,False,False,False
10.35322,1,Training,0,Shelves,Shelves,-1.905239,0.4805854,-0.3693362,356.0709,269.9031,7.263447,-0.034,0,-0.063,0,0,0,-0.034,0,-0.063,0,0,0,0,0,0,0,0,0,1.000932,0.009796419,-0.7535033,286.8868,323.8973,247.3398,1.251808,0.2364522,-1.748634,318.9339,279.8867,28.08119,False,False,False,False,False,False,False,False
10.38655,1,Training,0,Shelves,Shelves,-1.905261,0.4805121,-0.3691553,356.0697,269.9034,7.271271,-0.034,0,-0.063,0,0,0,-0.034,0,-0.063,0,0,0,0,0,0,0,0,0,1.000929,0.009805745,-0.7535028,286.8925,323.8342,247.4106,1.251797,0.2365026,-1.748629,319.0069,279.9482,28.01915,False,False,False,False,False,False,False,False
10.40877,1,Training,0,Shelves,Shelves,-1.905231,0.4804591,-0.3690871,356.0721,269.907,7.268185,-0.034,0,-0.063,0,0,0,-0.034,0,-0.063,0,0,0,0,0,0,0,0,0,1.000924,0.009810937,-0.7535172,286.8813,323.9114,247.3324,1.251813,0.2364702,-1.748626,318.9272,279.9165,28.05225,False,False,False,False,False,False,False,False
10.45322,1,Training,0,Shelves,Shelves,-1.905167,0.4805529,-0.369039,356.0707,269.9036,7.267724,-0.034,0,-0.063,0,0,0,-0.034,0,-0.063,0,0,0,0,0,0,0,0,0,1.000931,0.009793562,-0.7535035,286.8752,323.8113,247.4338,1.251771,0.2364771,-1.748581,319.0045,279.8407,28.07095,False,False,False,False,False,False,False,False
10.48655,1,Training,0,Shelves,Shelves,-1.905308,0.4804887,-0.3692078,356.0724,269.9047,7.277108,-0.034,0,-0.063,0,0,0,-0.034,0,-0.063,0,0,0,0,0,0,0,0,0,1.000947,0.009803877,-0.7535084,286.8785,323.8743,247.3754,1.251741,0.236523,-1.748596,319.0798,280.0016,27.97396,False,False,False,False,False,False,False,False
10.51988,1,Training,0,Shelves,Shelves,-1.905271,0.4805265,-0.3691425,356.0758,269.9078,7.275009,-0.034,0,-0.063,0,0,0,-0.034,0,-0.063,0,0,0,0,0,0,0,0,0,1.000923,0.009804937,-0.7535031,286.8873,323.7892,247.4428,1.251888,0.2363757,-1.748674,318.7879,279.7954,28.15609,False,False,False,False,False,False,False,False
10.55322,1,Training,0,Shelves,Shelves,-1.905204,0.4805207,-0.3692199,356.0731,269.9048,7.27586,-0.034,0,-0.063,0,0,0,-0.034,0,-0.063,0,0,0,0,0,0,0,0,0,1.000935,0.009833546,-0.7535075,286.9351,323.9158,247.3648,1.251881,0.2364125,-1.7487,318.8695,279.8637,28.11115,False,False,False,False,False,False,False,False
10.58655,1,Training,0,Shelves,Shelves,-1.905209,0.4804377,-0.3691236,356.0745,269.9031,7.282479,-0.034,0,-0.063,0,0,0,-0.034,0,-0.063,0,0,0,0,0,0,0,0,0,1.000949,0.009807471,-0.7535143,286.8971,323.8162,247.4281,1.251906,0.2363866,-1.74872,318.856,279.8183,28.13444,False,False,False,False,False,False,False,False
10.60877,1,Training,0,Shelves,Shelves,-1.905142,0.4803108,-0.369125,356.0665,269.9052,7.284107,-0.034,0,-0.063,0,0,0,-0.034,0,-0.063,0,0,0,0,0,0,0,0,0,1.000952,0.0097959,-0.7535036,286.8846,323.9103,247.3407,1.251866,0.2364169,-1.748688,318.902,279.8715,28.09085,False,False,False,False,False,False,False,False
10.65322,1,Training,0,Shelves,Shelves,-1.90509,0.4803329,-0.3690456,356.0685,269.9077,7.280517,-0.034,0,-0.063,0,0,0,-0.034,0,-0.063,0,0,0,0,0,0,0,0,0,1.000949,0.009811273,-0.7535089,286.9023,323.9723,247.2852,1.251962,0.2363029,-1.748708,318.5844,279.8018,28.19399,False,False,False,False,False,False,False,False
10.69766,1,Training,0,Shelves,Shelves,-1.905157,0.4803053,-0.3690979,356.0661,269.9002,7.279048,-0.034,0,-0.063,0,0,0,-0.034,0,-0.063,0,0,0,0,0,0,0,0,0,1.000969,0.00978998,-0.7535175,286.8875,323.7699,247.4793,1.251899,0.2363835,-1.748653,318.7344,279.8483,28.10972,False,False,False,False,False,False,False,False
10.73099,1,Training,0,Shelves,Shelves,-1.90519,0.4805017,-0.3690038,356.0635,269.9035,7.27889,-0.034,0,-0.063,0,0,0,-0.034,0,-0.063,0,0,0,0,0,0,0,0,0,1.000975,0.00980698,-0.7535164,286.8763,323.8628,247.3972,1.251887,0.2363689,-1.748641,318.6832,279.7963,28.17711,False,False,False,False,False,False,False,False
10.76433,1,Training,0,Shelves,Shelves,-1.905239,0.4804659,-0.3689434,356.0637,269.9058,7.278341,-0.034,0,-0.063,0,0,0,-0.034,0,-0.063,0,0,0,0,0,0,0,0,0,1.000967,0.009812307,-0.7535119,286.8701,323.8362,247.4192,1.251866,0.2364361,-1.74863,318.7694,279.946,28.04833,False,False,False,False,False,False,False,False
10.80877,1,Training,0,Shelves,Shelves,-1.905282,0.4805401,-0.3686771,356.0632,269.8999,7.279991,-0.034,0,-0.063,0,0,0,-0.034,0,-0.063,0,0,0,0,0,0,0,0,0,1.000957,0.009790774,-0.7535058,286.8855,323.8303,247.4195,1.251878,0.2363726,-1.748636,318.7268,279.7769,28.16988,False,False,False,False,False,False,False,False
